nome,link,membros,membros_txt,publicacoes_por_dia,privacidade,lingua,aceita_paginas,regras_publicidade,segmento,encaixe,estado,data_pedido,data_aceite,ultima_publicacao,notas,encontrado_por
🇵🇹🇧🇷 Viver em Portugal 🇧🇷🇵🇹,https://www.facebook.com/groups/2851345128437416/,81000,81mil,70,publico,pt-PT,por confirmar,por confirmar,contabilidade,10,nao-pedido,,,,,IRS portugal
Motoristas Profissionais,https://www.facebook.com/groups/260976004763276/,63000,63mil,10,publico,pt-PT,por confirmar,por confirmar,tvde,10,nao-pedido,,,,,uber portugal motoristas
TVDE Drivers (Motorista) Portugal,https://www.facebook.com/groups/3646744085571933/,59000,59mil,8,publico,pt-PT,por confirmar,por confirmar,tvde,10,nao-pedido,,,,,TVDE portugal
Freelance in Portugal,https://www.facebook.com/groups/1712177222549071/,14000,14mil,,publico,pt-PT,por confirmar,por confirmar,recibos-verdes,10,nao-pedido,,,,,freelancers portugal
Freelancers de Portugal,https://www.facebook.com/groups/1120664971928849/,7500,"7,5mil",6,publico,pt-PT,por confirmar,por confirmar,recibos-verdes,10,nao-pedido,,,,,freelancers portugal
designer gráfico freelancer portugal,https://www.facebook.com/groups/158215491453551/,6100,"6,1mil",3,publico,pt-PT,por confirmar,por confirmar,recibos-verdes,10,nao-pedido,,,,,freelancers portugal
Fotografos Freelancer em Portugal,https://www.facebook.com/groups/fotografoportugal/,4700,"4,7mil",5,publico,pt-PT,por confirmar,por confirmar,recibos-verdes,10,nao-pedido,,,,,fotografos portugal
Brasileiros em Portugal 🇵🇹,https://www.facebook.com/groups/brasileiros.lisboa/,208000,208mil,20,publico,pt-BR,por confirmar,por confirmar,brasileiros,9,nao-pedido,,,,,IRS portugal
Somos Portugal 🇵🇹,https://www.facebook.com/groups/2680472338815934/,159000,159mil,90,publico,pt-PT,por confirmar,por confirmar,contabilidade,9,nao-pedido,,,,,IRS portugal
Brasileiros em Portugal,https://www.facebook.com/groups/portugaldosbrasileiros/,142000,142mil,70,privado,pt-BR,por confirmar,por confirmar,brasileiros,9,nao-pedido,,,,,brasileiros em portugal
Brasileiros em Setubal,https://www.facebook.com/groups/1887422461532163/,71000,71mil,30,publico,pt-BR,por confirmar,por confirmar,brasileiros,9,nao-pedido,,,,,brasileiros em setubal
Grupo de Brasileiros em Portugal procurando trabalho,https://www.facebook.com/groups/675956842875292/,62000,62mil,7,publico,pt-BR,por confirmar,por confirmar,brasileiros,9,nao-pedido,,,,,brasileiros trabalho portugal
💼 Portugal 🇵🇹❤️,https://www.facebook.com/groups/1743251939255872/,40000,40mil,40,publico,pt-PT,por confirmar,por confirmar,contabilidade,9,nao-pedido,,,,,IRS portugal
TVDE PORTUGAL,https://www.facebook.com/groups/1243678986104792/,33000,33mil,20,publico,pt-PT,por confirmar,por confirmar,tvde,9,nao-pedido,,,,,TVDE portugal
Grupo TVDE,https://www.facebook.com/groups/2648497378793796/,31000,31mil,20,publico,pt-PT,por confirmar,por confirmar,tvde,9,nao-pedido,,,,,TVDE portugal
Motoristas De Portugal,https://www.facebook.com/groups/214296285856506/,25000,25mil,10,publico,pt-PT,por confirmar,por confirmar,tvde,9,nao-pedido,,,,,bolt portugal motoristas
TVDE Uber / Bolt,https://www.facebook.com/groups/115366628302799/,20000,20mil,40,publico,pt-PT,por confirmar,por confirmar,tvde,9,nao-pedido,,,,,uber portugal motoristas
Emprego motoristas Portugal,https://www.facebook.com/groups/1289825595945458/,18000,18mil,20,publico,pt-PT,por confirmar,por confirmar,tvde,9,nao-pedido,,,,,uber portugal motoristas
Contabilidade PT,https://www.facebook.com/groups/153038638051199/,17000,17mil,,publico,pt-PT,por confirmar,por confirmar,contabilidade,9,nao-pedido,,,,,contabilidade portugal
MotoristasTIR-Portugal,https://www.facebook.com/groups/1807075152652019/,14000,14mil,10,publico,pt-PT,por confirmar,por confirmar,tvde,9,nao-pedido,,,,,uber portugal motoristas
TVDE para motoristas e passageiros,https://www.facebook.com/groups/647208290106420/,13000,13mil,30,publico,pt-PT,por confirmar,por confirmar,tvde,9,nao-pedido,,,,,motoristas TVDE
TVDE - Oferta e Procura,https://www.facebook.com/groups/249647891190759/,10000,10mil,30,publico,pt-PT,por confirmar,por confirmar,tvde,9,nao-pedido,,,,,TVDE portugal
Motoristas e Parceiros TVDE,https://www.facebook.com/groups/933627650363555/,10000,10mil,10,publico,pt-PT,por confirmar,por confirmar,tvde,9,nao-pedido,,,,,motoristas TVDE
Contabilistas de Portugal,https://www.facebook.com/groups/contabilistasportugal/,9900,"9,9mil",,publico,pt-PT,por confirmar,por confirmar,contabilidade,9,nao-pedido,,,,,contabilidade portugal
TVDE LISBOA,https://www.facebook.com/groups/tvdelisbon/,9200,"9,2mil",2,privado,pt-PT,por confirmar,por confirmar,tvde,9,nao-pedido,,,,,TVDE portugal
Uber Portugal,https://www.facebook.com/groups/159896947789971/,8500,"8,5mil",3,publico,pt-PT,por confirmar,por confirmar,tvde,9,nao-pedido,,,,,uber portugal motoristas
BOLT FOOD ESTAFETAS - PORTO,https://www.facebook.com/groups/561966794471617/,7800,"7,8mil",6,publico,pt-PT,por confirmar,por confirmar,estafetas,9,nao-pedido,,,,,bolt portugal motoristas
bolt Food malta drivers and Fleets Owners,https://www.facebook.com/groups/439553107660342/,7700,"7,7mil",2,publico,pt-PT,por confirmar,por confirmar,estafetas,9,nao-pedido,,,,,bolt food estafetas
SOS CONTABILIDADE,https://www.facebook.com/groups/363066192546319/,6600,"6,6mil",8,publico,pt-PT,por confirmar,por confirmar,contabilidade,9,nao-pedido,,,,,contabilidade portugal
TVDE,https://www.facebook.com/groups/2303478806519698/,6500,"6,5mil",10,publico,pt-PT,por confirmar,por confirmar,tvde,9,nao-pedido,,,,,TVDE portugal
Portal dos Contabilistas,https://www.facebook.com/groups/PortaldoContabilista/,6200,"6,2mil",20,publico,pt-PT,por confirmar,por confirmar,contabilidade,9,nao-pedido,,,,,contabilidade portugal
CONTABILISTAS,https://www.facebook.com/groups/238542179684443/,5700,"5,7mil",2,publico,pt-PT,por confirmar,por confirmar,contabilidade,9,nao-pedido,,,,,contabilidade portugal
Motoristas D& Portugal,https://www.facebook.com/groups/1644620745827415/,5300,"5,3mil",2,publico,pt-PT,por confirmar,por confirmar,tvde,9,nao-pedido,,,,,bolt portugal motoristas
TVDE Drivers (Motorista) Portugal,https://www.facebook.com/groups/1464577934863266/,5200,"5,2mil",30,publico,pt-PT,por confirmar,por confirmar,tvde,9,nao-pedido,,,,,TVDE portugal
Estafetas Bolt Food e Uber Eats,https://www.facebook.com/groups/1819740672205587/,4300,"4,3mil",3,publico,pt-PT,por confirmar,por confirmar,estafetas,9,nao-pedido,,,,,estafetas portugal
Motoristas TVDE - Porto,https://www.facebook.com/groups/1201948687544062/,4200,"4,2mil",20,publico,pt-PT,por confirmar,por confirmar,tvde,9,nao-pedido,,,,,motoristas TVDE
ASIAN TVDE DRIVERS IN PORTUGAL,https://www.facebook.com/groups/964375704892606/,3900,"3,9mil",20,publico,pt-PT,por confirmar,por confirmar,tvde,9,nao-pedido,,,,,motoristas TVDE
"Uber, Glovo, Bolt Food Delivery, TVDE Drivers",https://www.facebook.com/groups/1116517913328493/,3900,"3,9mil",10,publico,pt-PT,por confirmar,por confirmar,estafetas,9,nao-pedido,,,,,bolt food estafetas
"BOLT, UBER EATS, GLOVO ESTAFETAS - BRAGA",https://www.facebook.com/groups/3205578622811308/,3600,"3,6mil",,publico,pt-PT,por confirmar,por confirmar,estafetas,9,nao-pedido,,,,,glovo estafetas
Recibos Verdes,https://www.facebook.com/groups/RecibosVerdesOnline/,2900,"2,9mil",,privado,pt-PT,por confirmar,por confirmar,recibos-verdes,9,nao-pedido,,,,,recibos verdes portugal
Freelancer PT,https://www.facebook.com/groups/1743784802593110/,2700,"2,7mil",2,publico,pt-PT,por confirmar,por confirmar,recibos-verdes,9,nao-pedido,,,,,freelancers portugal
Desempregados/as Covilhã-Fundão,https://www.facebook.com/groups/1608994129465442/,2200,"2,2mil",3,publico,pt-PT,por confirmar,por confirmar,recibos-verdes,9,nao-pedido,,,,,trabalhador independente
pagamento de Segurança social para trabalhador independente,https://www.facebook.com/groups/209544282393797/,1600,"1,6mil",2,publico,pt-PT,por confirmar,por confirmar,recibos-verdes,9,nao-pedido,,,,,trabalhador independente
Electricistas Freelancer e Biscatos,https://www.facebook.com/groups/680434656945904/,1500,"1,5mil",3,publico,pt-PT,por confirmar,por confirmar,recibos-verdes,9,nao-pedido,,,,,eletricistas portugal
Ofertas de Trabalho (Sector da Limpeza),https://www.facebook.com/groups/3200705756845648/,89000,89mil,80,publico,pt-PT,por confirmar,por confirmar,limpezas,8,nao-pedido,,,,,limpezas portugal
Mulheres Empreendedoras de Portugal,https://www.facebook.com/groups/680149455487062/,82000,82mil,10,publico,pt-PT,por confirmar,por confirmar,empreendedores,8,nao-pedido,,,,,empreendedores portugal
Tecnicas E Dicas De Nail Art,https://www.facebook.com/groups/unhasenailart/,51000,51mil,20,publico,pt-PT,por confirmar,por confirmar,beleza,8,nao-pedido,,,,,manicure portugal
Brasileiros a viver em Portugal,https://www.facebook.com/groups/435465260695998/,48000,48mil,80,publico,pt-BR,por confirmar,por confirmar,brasileiros,8,nao-pedido,,,,,cabo-verdianos em portugal
Anuncios de BRASILEIROS em Portugal,https://www.facebook.com/groups/311923458981191/,47000,47mil,50,publico,pt-BR,por confirmar,por confirmar,brasileiros,8,nao-pedido,,,,,romenos em portugal
Brasileiros em Aveiro,https://www.facebook.com/groups/1000611317497848/,44000,44mil,30,publico,pt-BR,por confirmar,por confirmar,brasileiros,8,nao-pedido,,,,,brasileiros em aveiro
Brasileiros em Portugal,https://www.facebook.com/groups/BrasileirosemPortugal/,43000,43mil,50,privado,pt-BR,por confirmar,por confirmar,brasileiros,8,nao-pedido,,,,,brasileiros em lisboa
BRASILEIROS EM PORTUGAL,https://www.facebook.com/groups/384744830126530/,41000,41mil,,publico,pt-BR,por confirmar,por confirmar,brasileiros,8,nao-pedido,,,,,mocambicanos em portugal
BRASILEIROS EM PORTUGAL,https://www.facebook.com/groups/943419293089354/,38000,38mil,80,publico,pt-BR,por confirmar,por confirmar,brasileiros,8,nao-pedido,,,,,romenos em portugal
brasileiros em Portugal,https://www.facebook.com/groups/1298857070219646/,36000,36mil,30,publico,pt-BR,por confirmar,por confirmar,brasileiros,8,nao-pedido,,,,,brasileiros em portugal
Um Brasileiro em Portugal,https://www.facebook.com/groups/432198091405242/,35000,35mil,10,publico,pt-BR,por confirmar,por confirmar,brasileiros,8,nao-pedido,,,,,romenos em portugal
Comunidade Brasileira em Lisboa,https://www.facebook.com/groups/comunidade.brasileira.lisboa/,31000,31mil,20,publico,pt-BR,por confirmar,por confirmar,brasileiros,8,nao-pedido,,,,,brasileiros em lisboa
Brasileiros no Algarve - Portugal,https://www.facebook.com/groups/brasileirosnoalgarveportugal/,29000,29mil,10,publico,pt-BR,por confirmar,por confirmar,brasileiros,8,nao-pedido,,,,,brasileiros no algarve
Brasileiros em Portugal,https://www.facebook.com/groups/727332457362179/,26000,26mil,30,publico,pt-BR,por confirmar,por confirmar,brasileiros,8,nao-pedido,,,,,brasileiros em portugal
Brasileiros a viver em Portugal e Amigos,https://www.facebook.com/groups/185453032870/,25000,25mil,10,publico,pt-BR,por confirmar,por confirmar,brasileiros,8,nao-pedido,,,,,cabo-verdianos em portugal
Brasileiros em Setubal,https://www.facebook.com/groups/988032188730014/,23000,23mil,10,publico,pt-BR,por confirmar,por confirmar,brasileiros,8,nao-pedido,,,,,brasileiros em setubal
Brasileiros em Lisboa - Arrendamentos/Compra,https://www.facebook.com/groups/1011910625522949/,22000,22mil,10,publico,pt-BR,por confirmar,por confirmar,brasileiros,8,nao-pedido,,,,,brasileiros em lisboa
Brasileiros em Coimbra,https://www.facebook.com/groups/1234731670335627/,22000,22mil,50,publico,pt-BR,por confirmar,por confirmar,brasileiros,8,nao-pedido,,,,,brasileiros em coimbra
Brasileiros em Coimbra,https://www.facebook.com/groups/Brasileirosemcoimbra/,21000,21mil,6,privado,pt-BR,por confirmar,por confirmar,brasileiros,8,nao-pedido,,,,,brasileiros em coimbra
Brasileiros no Porto e regiao,https://www.facebook.com/groups/593737441225503/,19000,19mil,60,publico,pt-BR,por confirmar,por confirmar,brasileiros,8,nao-pedido,,,,,brasileiros no porto
Brasileiros em Aveiro e Regiao,https://www.facebook.com/groups/475208200680299/,19000,19mil,60,publico,pt-BR,por confirmar,por confirmar,brasileiros,8,nao-pedido,,,,,brasileiros em aveiro
Brasileiros em Braga,https://www.facebook.com/groups/625941792797598/,18000,18mil,70,publico,pt-BR,por confirmar,por confirmar,brasileiros,8,nao-pedido,,,,,brasileiros em braga
Brasileiros em Braga,https://www.facebook.com/groups/663423768501850/,13000,13mil,70,publico,pt-BR,por confirmar,por confirmar,brasileiros,8,nao-pedido,,,,,brasileiros em braga
Cabeleireiros Brasileiros em Portugal,https://www.facebook.com/groups/1964336650472830/,12000,12mil,20,publico,pt-BR,por confirmar,por confirmar,brasileiros,8,nao-pedido,,,,,cabeleireiras portugal
Brasileiros Em Lisboa,https://www.facebook.com/groups/639912389481429/,10000,10mil,30,publico,pt-BR,por confirmar,por confirmar,brasileiros,8,nao-pedido,,,,,brasileiros em lisboa
Brasileiros em Coimbra,https://www.facebook.com/groups/2150472101795799/,10000,10mil,40,publico,pt-BR,por confirmar,por confirmar,brasileiros,8,nao-pedido,,,,,brasileiros em coimbra
Brasileiros Setubal,https://www.facebook.com/groups/498540489030652/,9100,"9,1mil",30,publico,pt-BR,por confirmar,por confirmar,brasileiros,8,nao-pedido,,,,,brasileiros em setubal
Brasileiros No Algarve,https://www.facebook.com/groups/3109097799358248/,9000,9mil,20,publico,pt-BR,por confirmar,por confirmar,brasileiros,8,nao-pedido,,,,,brasileiros no algarve
brasileiros em Braga e arredores,https://www.facebook.com/groups/1005742486725456/,8400,"8,4mil",40,publico,pt-BR,por confirmar,por confirmar,brasileiros,8,nao-pedido,,,,,brasileiros em braga
Brasileiros na Maia Porto,https://www.facebook.com/groups/748822943485215/,7700,"7,7mil",30,publico,pt-BR,por confirmar,por confirmar,brasileiros,8,nao-pedido,,,,,brasileiros no porto
"Brasileiros em Vila Verde, Braga",https://www.facebook.com/groups/1416047538497018/,7200,"7,2mil",30,publico,pt-BR,por confirmar,por confirmar,brasileiros,8,nao-pedido,,,,,brasileiros em braga
Comunidade brasileira em Portugal,https://www.facebook.com/groups/149098602124568/,7200,"7,2mil",5,publico,pt-BR,por confirmar,por confirmar,brasileiros,8,nao-pedido,,,,,comunidade africana portugal
Brasileiros em Faro Algarve,https://www.facebook.com/groups/801757411192226/,6700,"6,7mil",10,publico,pt-BR,por confirmar,por confirmar,brasileiros,8,nao-pedido,,,,,brasileiros no algarve
"Brasileiros em Aveiro, Anadia, Agueda, Sangalhos",https://www.facebook.com/groups/1157825498484572/,6300,"6,3mil",10,publico,pt-BR,por confirmar,por confirmar,brasileiros,8,nao-pedido,,,,,brasileiros em aveiro
Mulheres Brasileiras em Aveiro e Regiao,https://www.facebook.com/groups/307584583377404/,4700,"4,7mil",2,publico,pt-BR,por confirmar,por confirmar,brasileiros,8,nao-pedido,,,,,brasileiros em aveiro
Primeiro Setubal Comercio e Servicos,https://www.facebook.com/groups/primeirosetubal/,4600,"4,6mil",7,publico,pt-BR,por confirmar,por confirmar,brasileiros,8,nao-pedido,,,,,brasileiros em setubal
Brasileiros em Aveiro,https://www.facebook.com/groups/brasileirosemaveiro/,4400,"4,4mil",10,publico,pt-BR,por confirmar,por confirmar,brasileiros,8,nao-pedido,,,,,brasileiros em aveiro
Brasileiros do Algarve,https://www.facebook.com/groups/318463988245286/,3900,"3,9mil",5,publico,pt-BR,por confirmar,por confirmar,brasileiros,8,nao-pedido,,,,,brasileiros no algarve
brasileiros em Braga,https://www.facebook.com/groups/852234058467848/,3600,"3,6mil",10,publico,pt-BR,por confirmar,por confirmar,brasileiros,8,nao-pedido,,,,,brasileiros em braga
AJUDA BRASILEIROS EM SETUBAL,https://www.facebook.com/groups/648284983578220/,3300,"3,3mil",10,publico,pt-BR,por confirmar,por confirmar,brasileiros,8,nao-pedido,,,,,brasileiros em setubal
BRASILEIROS EM AVEIRO PORTUGAL,https://www.facebook.com/groups/248310238043170/,3200,"3,2mil",10,publico,pt-BR,por confirmar,por confirmar,brasileiros,8,nao-pedido,,,,,brasileiros em aveiro
BOLT FOOD ROMANIA,https://www.facebook.com/groups/4159873444120899/,2800,"2,8mil",,publico,pt-PT,por confirmar,por confirmar,estafetas,8,nao-pedido,,,,,bolt food estafetas
"Estafetas UBER, GLOVO, STUART",https://www.facebook.com/groups/461208962345719/,2700,"2,7mil",10,publico,pt-PT,por confirmar,por confirmar,estafetas,8,nao-pedido,,,,,estafetas portugal
Estafetas,https://www.facebook.com/groups/1003994832966960/,2600,"2,6mil",,publico,pt-PT,por confirmar,por confirmar,estafetas,8,nao-pedido,,,,,glovo estafetas
Uber Bolt Glovo Riders Help Portugal,https://www.facebook.com/groups/741106738636906/,2600,"2,6mil",9,publico,pt-PT,por confirmar,por confirmar,estafetas,8,nao-pedido,,,,,uber eats estafetas
CONTABILIDADE E PLANEAMENTO,https://www.facebook.com/groups/687005511915630/,2500,"2,5mil",2,publico,pt-PT,por confirmar,por confirmar,contabilidade,8,nao-pedido,,,,,contabilidade portugal
BOLT FOOD ESTAFETAS - MARGEM SUL (LISBOA),https://www.facebook.com/groups/444581743387101/,1300,"1,3mil",,publico,pt-PT,por confirmar,por confirmar,estafetas,8,nao-pedido,,,,,estafetas portugal
Freelancer Portugal,https://www.facebook.com/groups/318393388029242/,891,891,,publico,pt-PT,por confirmar,por confirmar,recibos-verdes,8,nao-pedido,,,,,freelancers portugal
Freelancer Portugal,https://www.facebook.com/groups/1852669208095349/,417,417,,publico,pt-PT,por confirmar,por confirmar,recibos-verdes,8,nao-pedido,,,,,freelancers portugal
Recibos Verdes: Aposto que somos muitos mais!,https://www.facebook.com/groups/114319491944002/,165,165,,publico,pt-PT,por confirmar,por confirmar,recibos-verdes,8,nao-pedido,,,,,recibos verdes portugal
Serviços em Lisboa (empresas ou recibos verdes),https://www.facebook.com/groups/4206942562903452/,33,33,,publico,pt-PT,por confirmar,por confirmar,recibos-verdes,8,nao-pedido,,,,,recibos verdes portugal
Cabeleireiros & Cabeleireiras,https://www.facebook.com/groups/cabeleireirosecabeleireiras/,270000,270mil,90,publico,pt-PT,por confirmar,por confirmar,beleza,7,nao-pedido,,,,,cabeleireiras portugal
Emprego Lisboa,https://www.facebook.com/groups/empregosoemlisboa/,181000,181mil,3,publico,pt-PT,por confirmar,por confirmar,emprego,7,nao-pedido,,,,,emprego lisboa
Porto - Trabalho e empregos em Portugal,https://www.facebook.com/groups/189821935135994/,159000,159mil,40,publico,pt-PT,por confirmar,por confirmar,emprego,7,nao-pedido,,,,,emprego porto
EMPREGO PORTUGAL,https://www.facebook.com/groups/475863142595688/,153000,153mil,20,publico,pt-PT,por confirmar,por confirmar,emprego,7,nao-pedido,,,,,ofertas de emprego portugal
Portugal - Negócios e Comércio,https://www.facebook.com/groups/negociosecomerciodeportugal/,123000,123mil,90,publico,pt-PT,por confirmar,por confirmar,empreendedores,7,nao-pedido,,,,,recibos verdes portugal
Empregada de Limpeza,https://www.facebook.com/groups/168390259981267/,110000,110mil,90,publico,pt-PT,por confirmar,por confirmar,limpezas,7,nao-pedido,,,,,limpezas portugal
Hortas biologicas de Portugal,https://www.facebook.com/groups/hortasbioportugal/,107000,107mil,10,publico,pt-PT,por confirmar,por confirmar,obras,7,nao-pedido,,,,,jardinagem portugal
Grupo de Eletricistas e Tecnicos e profissionais,https://www.facebook.com/groups/1641011656153848/,94000,94mil,20,publico,pt-PT,por confirmar,por confirmar,obras,7,nao-pedido,,,,,eletricistas portugal
Ofertas Trabalho Emprego Porto Braga Guimarães Bragança Viana do Castelo,https://www.facebook.com/groups/fitiniporto/,89000,89mil,50,publico,pt-PT,por confirmar,por confirmar,emprego,7,nao-pedido,,,,,emprego braga
Emprego Coimbra,https://www.facebook.com/groups/emprego.coimbra/,86000,86mil,30,publico,pt-PT,por confirmar,por confirmar,emprego,7,nao-pedido,,,,,emprego coimbra
Divulgacao de Empregos e Servicos em Portugal,https://www.facebook.com/groups/empregos.e.oportunidades.negocio.portugal/,83000,83mil,10,publico,pt-PT,por confirmar,por confirmar,emprego,7,nao-pedido,,,,,servicos ao domicilio portugal
Fotografias De Portugal,https://www.facebook.com/groups/1756466667886626/,80000,80mil,30,publico,pt-PT,por confirmar,por confirmar,criativos,7,nao-pedido,,,,,fotografos portugal
Empregos em Portugal 🇵🇹,https://www.facebook.com/groups/742721454291703/,79000,79mil,30,publico,pt-PT,por confirmar,por confirmar,emprego,7,nao-pedido,,,,,ofertas de emprego portugal
Emprego nos Acores,https://www.facebook.com/groups/empregoazores/,75000,75mil,8,publico,pt-PT,por confirmar,por confirmar,emprego,7,nao-pedido,,,,,emprego acores
Emprego Leiria,https://www.facebook.com/groups/LeiriaEmprego/,72000,72mil,30,publico,pt-PT,por confirmar,por confirmar,emprego,7,nao-pedido,,,,,emprego leiria
Nails Designers e Manicures Iniciantes,https://www.facebook.com/groups/885164269361314/,72000,72mil,90,publico,pt-PT,por confirmar,por confirmar,beleza,7,nao-pedido,,,,,manicure portugal
Emprego em Coimbra | EmpregoJá.pt,https://www.facebook.com/groups/369121443145169/,71000,71mil,20,publico,pt-PT,por confirmar,por confirmar,emprego,7,nao-pedido,,,,,emprego coimbra
Cabeleireiros e Esteticistas de Portugal,https://www.facebook.com/groups/848240875742620/,71000,71mil,90,publico,pt-PT,por confirmar,por confirmar,beleza,7,nao-pedido,,,,,cabeleireiras portugal
Emprego em Aveiro,https://www.facebook.com/groups/105025602969846/,70000,70mil,20,publico,pt-PT,por confirmar,por confirmar,emprego,7,nao-pedido,,,,,emprego aveiro
Grupo de Angolanos Emigrantes na Europa,https://www.facebook.com/groups/2279142282333639/,67000,67mil,90,publico,pt-PT,por confirmar,por confirmar,africanos,7,nao-pedido,,,,,angolanos em portugal
Ofertas de emprego - Portugal,https://www.facebook.com/groups/2357099064606902/,66000,66mil,80,publico,pt-PT,por confirmar,por confirmar,emprego,7,nao-pedido,,,,,ofertas de emprego portugal
Vagas de Trabalho em Lisboa,https://www.facebook.com/groups/1800409383816027/,65000,65mil,80,publico,pt-PT,por confirmar,por confirmar,emprego,7,nao-pedido,,,,,emprego lisboa
Empregos em Coimbra,https://www.facebook.com/groups/empregoscoimbra/,60000,60mil,80,publico,pt-PT,por confirmar,por confirmar,emprego,7,nao-pedido,,,,,emprego coimbra
Vagas de Emprego em Portugal (Lisboa),https://www.facebook.com/groups/1702518460050877/,58000,58mil,40,publico,pt-PT,por confirmar,por confirmar,emprego,7,nao-pedido,,,,,trabalho part-time portugal
Emprego Leiria,https://www.facebook.com/groups/433077830045432/,52000,52mil,40,publico,pt-PT,por confirmar,por confirmar,emprego,7,nao-pedido,,,,,emprego leiria
REDE DE EMPREENDEDORES,https://www.facebook.com/groups/rede.empreendedores/,52000,52mil,90,publico,pt-PT,por confirmar,por confirmar,empreendedores,7,nao-pedido,,,,,empreendedores portugal
Ofertas de emprego - Algarve,https://www.facebook.com/groups/163179570913786/,52000,52mil,10,publico,pt-PT,por confirmar,por confirmar,emprego,7,nao-pedido,,,,,emprego algarve
Ofertas de Emprego e Trabalho Madeira,https://www.facebook.com/groups/fitinimadeira/,51000,51mil,50,publico,pt-PT,por confirmar,por confirmar,emprego,7,nao-pedido,,,,,emprego madeira
Brasileiros em Portugal,https://www.facebook.com/groups/217555589515539/,44000,44mil,90,publico,pt-BR,por confirmar,por confirmar,brasileiros,7,nao-pedido,,,,,IRS portugal
Brasileiros em Braga - Portugal,https://www.facebook.com/groups/1297732263699576/,39000,39mil,90,publico,pt-BR,por confirmar,por confirmar,brasileiros,7,nao-pedido,,,,,brasileiros em braga
O Porto para Brasileiros,https://www.facebook.com/groups/3403871909659361/,32000,32mil,90,publico,pt-BR,por confirmar,por confirmar,brasileiros,7,nao-pedido,,,,,brasileiros no porto
BRASILEIROS EM LISBOA,https://www.facebook.com/groups/803842221117796/,31000,31mil,90,publico,pt-BR,por confirmar,por confirmar,brasileiros,7,nao-pedido,,,,,brasileiros em lisboa
Brasileiros no Porto e regiao,https://www.facebook.com/groups/1074541190711982/,28000,28mil,90,publico,pt-BR,por confirmar,por confirmar,brasileiros,7,nao-pedido,,,,,brasileiros em portugal
Esteticistas em Portugal,https://www.facebook.com/groups/1053272055456181/,28000,28mil,20,publico,pt-PT,por confirmar,por confirmar,beleza,7,nao-pedido,,,,,estetica portugal
ESTETICA E ESTETICISTAS Beauty Portugal,https://www.facebook.com/groups/415153962703223/,28000,28mil,10,publico,pt-PT,por confirmar,por confirmar,beleza,7,nao-pedido,,,,,estetica portugal
"Brasileiros em Portugal, Ajuda, Aluguel, Emprego, Dicas",https://www.facebook.com/groups/864514541989373/,26000,26mil,90,publico,pt-BR,por confirmar,por confirmar,brasileiros,7,nao-pedido,,,,,freelancers portugal
Limpezas a particulares,https://www.facebook.com/groups/1763568461170253/,26000,26mil,70,publico,pt-PT,por confirmar,por confirmar,limpezas,7,nao-pedido,,,,,limpezas portugal
Negocios Distrito Portalegre,https://www.facebook.com/groups/vendasportalegre/,25000,25mil,60,publico,pt-PT,por confirmar,por confirmar,empreendedores,7,nao-pedido,,,,,emprego portalegre
Portugueses em Espanha,https://www.facebook.com/groups/195765320438937/,23000,23mil,70,publico,pt-PT,por confirmar,por confirmar,beleza,7,nao-pedido,,,,,manicure portugal
ESTETICA & ESTETICISTAS - Portugal e Toda Europa,https://www.facebook.com/groups/esteticanaeuropa/,22000,22mil,50,publico,pt-PT,por confirmar,por confirmar,beleza,7,nao-pedido,,,,,estetica portugal
Grupo de Vendas e Negócios Online em Portugal,https://www.facebook.com/groups/Portugal.dos.Negocios.Online/,21000,21mil,30,publico,pt-PT,por confirmar,por confirmar,empreendedores,7,nao-pedido,,,,,pequenos negócios portugal
"Cabeleireiros, Barbeiros, Makeup e Estetica",https://www.facebook.com/groups/1114851278578666/,21000,21mil,20,publico,pt-PT,por confirmar,por confirmar,beleza,7,nao-pedido,,,,,cabeleireiras portugal
Estetica Portugal,https://www.facebook.com/groups/736440344810780/,20000,20mil,60,publico,pt-PT,por confirmar,por confirmar,beleza,7,nao-pedido,,,,,estetica portugal
Divulgacao de Empresas & Negocios em Portugal,https://www.facebook.com/groups/272729596122155/,19000,19mil,70,publico,pt-PT,por confirmar,por confirmar,empreendedores,7,nao-pedido,,,,,divulgacao de negocios portugal
Portugal Negócios & Serviços,https://www.facebook.com/groups/5770003019791927/,17000,17mil,20,publico,pt-PT,por confirmar,por confirmar,empreendedores,7,nao-pedido,,,,,recibos verdes portugal
Negocios de Mafra (Lisboa),https://www.facebook.com/groups/320095918121631/,17000,17mil,2,publico,pt-PT,por confirmar,por confirmar,empreendedores,7,nao-pedido,,,,,negocios lisboa
SUPER NEGÓCIOS PORTUGAL,https://www.facebook.com/groups/supernegociosportugal/,14000,14mil,70,publico,pt-PT,por confirmar,por confirmar,empreendedores,7,nao-pedido,,,,,pequenos negócios portugal
Portugal Online (Anuncios Negocios e Publicidade),https://www.facebook.com/groups/procurar.encontrar/,14000,14mil,30,publico,pt-PT,por confirmar,por confirmar,empreendedores,7,nao-pedido,,,,,divulgacao de negocios portugal
Angolanos em Portugal,https://www.facebook.com/groups/582548308494995/,14000,14mil,10,publico,pt-PT,por confirmar,por confirmar,africanos,7,nao-pedido,,,,,angolanos em portugal
O que visitar em Portugal,https://www.facebook.com/groups/320227775118915/,14000,14mil,3,publico,pt-PT,por confirmar,por confirmar,africanos,7,nao-pedido,,,,,guineenses em portugal
Mocambicanos em Portugal,https://www.facebook.com/groups/1133395046692875/,14000,14mil,20,publico,pt-PT,por confirmar,por confirmar,africanos,7,nao-pedido,,,,,mocambicanos em portugal
Empreender em Portugal,https://www.facebook.com/groups/empreenderportugal/,12000,12mil,70,publico,pt-PT,por confirmar,por confirmar,empreendedores,7,nao-pedido,,,,,empreendedores portugal
Negocios - Porto,https://www.facebook.com/groups/negociosporto/,12000,12mil,6,publico,pt-PT,por confirmar,por confirmar,empreendedores,7,nao-pedido,,,,,negocios porto
Empreendedoras em Portugal,https://www.facebook.com/groups/empreendedorasportugal/,10000,10mil,9,publico,pt-PT,por confirmar,por confirmar,empreendedores,7,nao-pedido,,,,,empreendedores portugal
Emigrantes Portugueses pelo Mundo,https://www.facebook.com/groups/358631724336878/,10000,10mil,80,publico,pt-PT,por confirmar,por confirmar,africanos,7,nao-pedido,,,,,guineenses em portugal
Empregadas de limpeza em Vila Nova de Gaia,https://www.facebook.com/groups/611749863958015/,9800,"9,8mil",20,publico,pt-PT,por confirmar,por confirmar,limpezas,7,nao-pedido,,,,,limpezas portugal
Mocambicanos em Portugal,https://www.facebook.com/groups/306802729339504/,9300,"9,3mil",5,publico,pt-PT,por confirmar,por confirmar,africanos,7,nao-pedido,,,,,mocambicanos em portugal
Estetica Portugal,https://www.facebook.com/groups/csalaser/,8700,"8,7mil",10,publico,pt-PT,por confirmar,por confirmar,beleza,7,nao-pedido,,,,,estetica portugal
Servicos de limpeza e lavandaria para Alojamento,https://www.facebook.com/groups/limpezas.lavandaria.AL/,8100,"8,1mil",9,publico,pt-PT,por confirmar,por confirmar,limpezas,7,nao-pedido,,,,,limpezas portugal
cabo verdiano na Portugal,https://www.facebook.com/groups/243236141711052/,7800,"7,8mil",7,publico,pt-PT,por confirmar,por confirmar,africanos,7,nao-pedido,,,,,cabo-verdianos em portugal
ESTETICA EM PORTUGAL,https://www.facebook.com/groups/796502944555485/,7200,"7,2mil",20,publico,pt-PT,por confirmar,por confirmar,beleza,7,nao-pedido,,,,,estetica portugal
Estilistas Manicure/Pedicure,https://www.facebook.com/groups/neliasilvaoficial/,6900,"6,9mil",10,publico,pt-PT,por confirmar,por confirmar,beleza,7,nao-pedido,,,,,manicure portugal
empreendedores em Portugal,https://www.facebook.com/groups/2143211715862920/,6700,"6,7mil",20,publico,pt-PT,por confirmar,por confirmar,empreendedores,7,nao-pedido,,,,,empreendedores portugal
SERVICOS EM LISBOA - Divulgue aqui o seu,https://www.facebook.com/groups/1022705405748280/,6700,"6,7mil",30,publico,pt-PT,por confirmar,por confirmar,beleza,7,nao-pedido,,,,,massagistas portugal
"COMPRAS, VENDAS & TROCAS - Sao Tome e Principe",https://www.facebook.com/groups/532574790153539/,6200,"6,2mil",30,publico,pt-PT,por confirmar,por confirmar,africanos,7,nao-pedido,,,,,sao tomenses em portugal
"Cabeleireiro, estetica, gel, Gelinho manicure",https://www.facebook.com/groups/585128468715685/,6200,"6,2mil",20,publico,pt-PT,por confirmar,por confirmar,beleza,7,nao-pedido,,,,,manicure portugal
"Cabeleireiros, Barbearias e Saloes de Beleza",https://www.facebook.com/groups/belezaemportugal/,6100,"6,1mil",6,publico,pt-PT,por confirmar,por confirmar,beleza,7,nao-pedido,,,,,cabeleireiras portugal
Guineenses em Portugal,https://www.facebook.com/groups/669080493994891/,5100,"5,1mil",,privado,pt-PT,por confirmar,por confirmar,africanos,7,nao-pedido,,,,,guineenses em portugal
Vendas e Compras Sao Tome e Principe Online,https://www.facebook.com/groups/1359690097778404/,4700,"4,7mil",50,publico,pt-PT,por confirmar,por confirmar,africanos,7,nao-pedido,,,,,sao tomenses em portugal
Angolanos em Portugal,https://www.facebook.com/groups/546562209892324/,4300,"4,3mil",,publico,pt-PT,por confirmar,por confirmar,africanos,7,nao-pedido,,,,,angolanos em portugal
Forum Cabeleireiros em Portugal,https://www.facebook.com/groups/700130304688685/,4200,"4,2mil",9,publico,pt-PT,por confirmar,por confirmar,beleza,7,nao-pedido,,,,,cabeleireiras portugal
Cultura PALOP - Portugal/Brasil,https://www.facebook.com/groups/cultur.palops/,3900,"3,9mil",2,publico,pt-PT,por confirmar,por confirmar,africanos,7,nao-pedido,,,,,PALOP portugal
Negocios de Paredes -Porto,https://www.facebook.com/groups/699805605948192/,3600,"3,6mil",60,publico,pt-PT,por confirmar,por confirmar,empreendedores,7,nao-pedido,,,,,negocios porto
PORTO DE MOS Negocios e Servicos,https://www.facebook.com/groups/281608447122786/,3200,"3,2mil",20,publico,pt-PT,por confirmar,por confirmar,empreendedores,7,nao-pedido,,,,,negocios porto
Fc Porto Penta PALOPS,https://www.facebook.com/groups/1640492139554280/,3100,"3,1mil",2,publico,pt-PT,por confirmar,por confirmar,africanos,7,nao-pedido,,,,,PALOP portugal
Nail Designer Em portugal,https://www.facebook.com/groups/1071141406689897/,3000,3mil,3,publico,pt-PT,por confirmar,por confirmar,beleza,7,nao-pedido,,,,,manicure portugal
Grupo de Apoio Ativo aos Brasileiros em Portugal,https://www.facebook.com/groups/143701093049234/,2300,"2,3mil",,publico,pt-BR,por confirmar,por confirmar,brasileiros,7,nao-pedido,,,,,comunidade africana portugal
Empreendedoras Brasileiras em Portugal,https://www.facebook.com/groups/695667248460502/,2100,"2,1mil",4,publico,pt-BR,por confirmar,por confirmar,brasileiros,7,nao-pedido,,,,,brasileiros empreendedores portugal
Brasileiros no Porto,https://www.facebook.com/groups/1172397757041142/,2000,2mil,10,publico,pt-BR,por confirmar,por confirmar,brasileiros,7,nao-pedido,,,,,brasileiros no porto
Brasileiros no Algarve,https://www.facebook.com/groups/1674799679582376/,1100,"1,1mil",5,publico,pt-BR,por confirmar,por confirmar,brasileiros,7,nao-pedido,,,,,brasileiros no algarve
Estafetas uber curier delivery Portugal,https://www.facebook.com/groups/320082428967866/,963,963,2,publico,pt-PT,por confirmar,por confirmar,estafetas,7,nao-pedido,,,,,estafetas portugal
ESTAFETAS EM PORTO - UBER EATS,https://www.facebook.com/groups/1327697905657646/,393,393,6,publico,pt-PT,por confirmar,por confirmar,estafetas,7,nao-pedido,,,,,estafetas portugal
Bolt Food Estafetas - Lisboa / Margem Sul,https://www.facebook.com/groups/1276455259384721/,0,,,publico,pt-PT,por confirmar,por confirmar,estafetas,7,nao-pedido,,,,,bolt food estafetas
Jardinagem em casa,https://www.facebook.com/groups/181341862412797/,534000,534mil,90,publico,pt-PT,por confirmar,por confirmar,obras,6,nao-pedido,,,,,jardinagem portugal
Eu Adoro Portugal,https://www.facebook.com/groups/1169405707118265/,493000,493mil,90,publico,pt-PT,por confirmar,por confirmar,explicadores,6,nao-pedido,,,,,explicadores portugal
"Bangladeshi in Portugal (Community, Info",https://www.facebook.com/groups/portobangla/,379000,379mil,50,publico,en/bn/ne,por confirmar,por confirmar,sul-asiaticos,6,nao-pedido,,,,,bangladeshi in portugal
Emprego em Lisboa,https://www.facebook.com/groups/110600512957079/,159000,159mil,90,publico,pt-PT,por confirmar,por confirmar,emprego,6,nao-pedido,,,,,emprego lisboa
PORTUGAL BANGLADESHI,https://www.facebook.com/groups/774198807281584/,159000,159mil,70,publico,en/bn/ne,por confirmar,por confirmar,sul-asiaticos,6,nao-pedido,,,,,bangladeshi in portugal
Construcao Civil - Portugal,https://www.facebook.com/groups/construcaocivilportugal/,148000,148mil,90,publico,pt-PT,por confirmar,por confirmar,obras,6,nao-pedido,,,,,obras e construcao portugal
Eletricista Profissional,https://www.facebook.com/groups/264871331507923/,140000,140mil,90,publico,pt-PT,por confirmar,por confirmar,obras,6,nao-pedido,,,,,eletricistas portugal
Construcao civil em Portugal,https://www.facebook.com/groups/836574390155578/,122000,122mil,90,publico,pt-PT,por confirmar,por confirmar,obras,6,nao-pedido,,,,,obras e construcao portugal
LEIRIA - Emprego & Publicidades,https://www.facebook.com/groups/853830421616581/,114000,114mil,90,publico,pt-PT,por confirmar,por confirmar,emprego,6,nao-pedido,,,,,emprego leiria
Os mais belos lugares e tradicoes de Portugal,https://www.facebook.com/groups/654553707989349/,109000,109mil,60,publico,pt-PT,por confirmar,por confirmar,restauracao,6,nao-pedido,,,,,restauracao portugal
Empregos em Portugal 🇵🇹 (Jobs In Portugal),https://www.facebook.com/groups/romaniabybangladesh/,103000,103mil,90,publico,pt-PT,por confirmar,por confirmar,emprego,6,nao-pedido,,,,,ofertas de emprego portugal
Emprego Região de Setúbal,https://www.facebook.com/groups/167966273987777/,93000,93mil,90,publico,pt-PT,por confirmar,por confirmar,emprego,6,nao-pedido,,,,,emprego setúbal
Emprego Em Lisboa e Arredores,https://www.facebook.com/groups/426916447913184/,82000,82mil,90,publico,pt-PT,por confirmar,por confirmar,emprego,6,nao-pedido,,,,,emprego lisboa
Procuro obras e remodelacoes de interiores,https://www.facebook.com/groups/1736487716535090/,79000,79mil,90,publico,pt-PT,por confirmar,por confirmar,obras,6,nao-pedido,,,,,obras e construcao portugal
PROCURA DE EMPREGO EM PORTUGAL,https://www.facebook.com/groups/933875669984374/,76000,76mil,90,publico,pt-PT,por confirmar,por confirmar,emprego,6,nao-pedido,,,,,ofertas de emprego portugal
Portugal Asian Community,https://www.facebook.com/groups/asiansintoportugal/,76000,76mil,50,publico,en/bn/ne,por confirmar,por confirmar,sul-asiaticos,6,nao-pedido,,,,,indians in portugal
Bangladeshi Students in Portugal,https://www.facebook.com/groups/297896720574614/,76000,76mil,5,publico,en/bn/ne,por confirmar,por confirmar,sul-asiaticos,6,nao-pedido,,,,,bangladeshi in portugal
NepaleseIn Portugal,https://www.facebook.com/groups/223682731540325/,74000,74mil,40,publico,en/bn/ne,por confirmar,por confirmar,sul-asiaticos,6,nao-pedido,,,,,nepalese in portugal
Procurar emprego em Portugal,https://www.facebook.com/groups/396959350903435/,64000,64mil,90,publico,pt-PT,por confirmar,por confirmar,emprego,6,nao-pedido,,,,,ofertas de emprego portugal
Indian.In.Portugal,https://www.facebook.com/groups/216720792924323/,62000,62mil,20,publico,en/bn/ne,por confirmar,por confirmar,sul-asiaticos,6,nao-pedido,,,,,indians in portugal
Procura e Oferta de Empregos e Oportunidades,https://www.facebook.com/groups/oportunidades.e.trabalhos/,56000,56mil,90,publico,pt-PT,por confirmar,por confirmar,emprego,6,nao-pedido,,,,,trabalhador independente
Emprego em Lisboa e arredores (Portugal) - Divulgação de Oportunidades,https://www.facebook.com/groups/emprego.pt.lisbon/,55000,55mil,90,publico,pt-PT,por confirmar,por confirmar,emprego,6,nao-pedido,,,,,emprego lisboa
Negócios e Oportunidades em Portugal,https://www.facebook.com/groups/681155702843708/,49000,49mil,90,publico,pt-PT,por confirmar,por confirmar,empreendedores,6,nao-pedido,,,,,recibos verdes portugal
Emprego em Viseu,https://www.facebook.com/groups/2182107982113579/,47000,47mil,70,publico,pt-PT,por confirmar,por confirmar,emprego,6,nao-pedido,,,,,emprego viseu
Emprego Em Leiria ( 0 SPAM),https://www.facebook.com/groups/462105195701690/,46000,46mil,20,publico,pt-PT,por confirmar,por confirmar,emprego,6,nao-pedido,,,,,emprego leiria
Empregos em Lisboa,https://www.facebook.com/groups/4755504544476492/,45000,45mil,10,publico,pt-PT,por confirmar,por confirmar,emprego,6,nao-pedido,,,,,emprego lisboa
Emprego Algarve,https://www.facebook.com/groups/algarvemprego/,44000,44mil,30,publico,pt-PT,por confirmar,por confirmar,emprego,6,nao-pedido,,,,,emprego algarve
Emprego no Distrito de Setúbal,https://www.facebook.com/groups/959709844192538/,42000,42mil,20,publico,pt-PT,por confirmar,por confirmar,emprego,6,nao-pedido,,,,,emprego setúbal
Negócios em Portugal,https://www.facebook.com/groups/negociosemportugal/,40000,40mil,90,publico,pt-PT,por confirmar,por confirmar,empreendedores,6,nao-pedido,,,,,recibos verdes portugal
Ofertas Trabalho Emprego Castelo Branco Covilhã Guarda,https://www.facebook.com/groups/fitinicastelobranco/,40000,40mil,10,publico,pt-PT,por confirmar,por confirmar,emprego,6,nao-pedido,,,,,emprego guarda
Procura e ofertas de Emprego na Ilha da Madeira,https://www.facebook.com/groups/procuraeofertaemprego/,40000,40mil,30,publico,pt-PT,por confirmar,por confirmar,emprego,6,nao-pedido,,,,,emprego madeira
Ofertas de Emprego e Trabalho Acores,https://www.facebook.com/groups/fitiniazores/,40000,40mil,10,publico,pt-PT,por confirmar,por confirmar,emprego,6,nao-pedido,,,,,emprego acores
Divulgação De Vagas Trabalho/Empregos em Porto e Arredores - PT,https://www.facebook.com/groups/299626698029563/,39000,39mil,10,publico,pt-PT,por confirmar,por confirmar,emprego,6,nao-pedido,,,,,trabalhador independente
Emprego Leiria,https://www.facebook.com/groups/1775807625829798/,39000,39mil,10,publico,pt-PT,por confirmar,por confirmar,emprego,6,nao-pedido,,,,,emprego leiria
Angolanos Imigrantes em Portugal e Brasil,https://www.facebook.com/groups/3037897549674840/,39000,39mil,90,publico,pt-PT,por confirmar,por confirmar,africanos,6,nao-pedido,,,,,angolanos em portugal
Negócios,https://www.facebook.com/groups/denegocios/,38000,38mil,90,publico,pt-PT,por confirmar,por confirmar,empreendedores,6,nao-pedido,,,,,pequenos negócios portugal
Oferta emprego Setúbal,https://www.facebook.com/groups/1925126420855557/,37000,37mil,30,publico,pt-PT,por confirmar,por confirmar,emprego,6,nao-pedido,,,,,emprego setúbal
Negócios - Guarda,https://www.facebook.com/groups/negociosguarda/,36000,36mil,90,publico,pt-PT,por confirmar,por confirmar,empreendedores,6,nao-pedido,,,,,emprego guarda
ESTETICISTAS PORTUGAL,https://www.facebook.com/groups/313119679371859/,36000,36mil,90,publico,pt-PT,por confirmar,por confirmar,beleza,6,nao-pedido,,,,,estetica portugal
Empregos na Hora - Braga,https://www.facebook.com/groups/182586715272434/,35000,35mil,50,publico,pt-PT,por confirmar,por confirmar,emprego,6,nao-pedido,,,,,emprego braga
Emprego em Vila Real EmpregoJa.pt,https://www.facebook.com/groups/386956961357067/,33000,33mil,40,publico,pt-PT,por confirmar,por confirmar,emprego,6,nao-pedido,,,,,emprego vila real
Emprego Evora,https://www.facebook.com/groups/367818323265847/,33000,33mil,20,publico,pt-PT,por confirmar,por confirmar,emprego,6,nao-pedido,,,,,emprego evora
Emprego Regiao de Aveiro,https://www.facebook.com/groups/1621993784778939/,32000,32mil,30,publico,pt-PT,por confirmar,por confirmar,emprego,6,nao-pedido,,,,,emprego aveiro
Emprego Algarve (Portugal),https://www.facebook.com/groups/2465317923786067/,32000,32mil,30,publico,pt-PT,por confirmar,por confirmar,emprego,6,nao-pedido,,,,,emprego algarve
Emprego na Madeira,https://www.facebook.com/groups/565666587125376/,32000,32mil,30,publico,pt-PT,por confirmar,por confirmar,emprego,6,nao-pedido,,,,,emprego madeira
construcao e remodelacao,https://www.facebook.com/groups/332895869026312/,32000,32mil,80,publico,pt-PT,por confirmar,por confirmar,obras,6,nao-pedido,,,,,obras e construcao portugal
"LIMPEZAS, DESMATACOES E JARDINAGEM",https://www.facebook.com/groups/376926729676830/,30000,30mil,20,publico,pt-PT,por confirmar,por confirmar,obras,6,nao-pedido,,,,,jardinagem portugal
Emprego Castelo Branco,https://www.facebook.com/groups/381320291905355/,30000,30mil,30,publico,pt-PT,por confirmar,por confirmar,emprego,6,nao-pedido,,,,,emprego castelo branco
Vila Real - Empregos e Arrendamentos,https://www.facebook.com/groups/3103354999678661/,30000,30mil,30,publico,pt-PT,por confirmar,por confirmar,emprego,6,nao-pedido,,,,,emprego vila real
Emprego em Vila Real,https://www.facebook.com/groups/718736781570418/,30000,30mil,,publico,pt-PT,por confirmar,por confirmar,emprego,6,nao-pedido,,,,,emprego vila real
EMPREGO E SERVICOS EM PORTUGAL,https://www.facebook.com/groups/1990827510958597/,29000,29mil,20,publico,pt-PT,por confirmar,por confirmar,emprego,6,nao-pedido,,,,,servicos ao domicilio portugal
Emprego COIMBRA distrito,https://www.facebook.com/groups/1838187819756389/,28000,28mil,30,publico,pt-PT,por confirmar,por confirmar,emprego,6,nao-pedido,,,,,emprego coimbra
Trabalhos pontuais e part-times em Lisboa,https://www.facebook.com/groups/1587915332061805/,28000,28mil,20,publico,pt-PT,por confirmar,por confirmar,emprego,6,nao-pedido,,,,,trabalho part-time portugal
Emprego em Santarem,https://www.facebook.com/groups/empregoemsantarem/,27000,27mil,40,publico,pt-PT,por confirmar,por confirmar,emprego,6,nao-pedido,,,,,emprego santarem
OFERTAS DE EMPREGO EM SANTAREM - PORTUGAL,https://www.facebook.com/groups/empregosantarem/,26000,26mil,10,publico,pt-PT,por confirmar,por confirmar,emprego,6,nao-pedido,,,,,emprego santarem
"Trabalho em Porto, Portugal",https://www.facebook.com/groups/288923076653985/,26000,26mil,40,publico,pt-PT,por confirmar,por confirmar,emprego,6,nao-pedido,,,,,trabalho part-time portugal
Oportunidades em Castelo Branco e arredores,https://www.facebook.com/groups/oportunidades.cb.arredores/,25000,25mil,80,publico,pt-PT,por confirmar,por confirmar,emprego,6,nao-pedido,,,,,emprego castelo branco
Cabo Verdianos Imigrantes,https://www.facebook.com/groups/2182123775141331/,25000,25mil,90,publico,pt-PT,por confirmar,por confirmar,africanos,6,nao-pedido,,,,,cabo-verdianos em portugal
Ofertas de trabalho no Algarve,https://www.facebook.com/groups/616595645366652/,24000,24mil,10,publico,pt-PT,por confirmar,por confirmar,emprego,6,nao-pedido,,,,,emprego algarve
TRABALHOS NA MADEIRA,https://www.facebook.com/groups/361169237357273/,23000,23mil,40,publico,pt-PT,por confirmar,por confirmar,emprego,6,nao-pedido,,,,,emprego madeira
Emprego Braga,https://www.facebook.com/groups/empregoembraga/,22000,22mil,,publico,pt-PT,por confirmar,por confirmar,emprego,6,nao-pedido,,,,,emprego braga
"Jardineiros - relva, piscina, plantas",https://www.facebook.com/groups/plantasearvores/,22000,22mil,5,publico,pt-PT,por confirmar,por confirmar,obras,6,nao-pedido,,,,,jardinagem portugal
Emprego Acores,https://www.facebook.com/groups/359122847819955/,22000,22mil,4,publico,pt-PT,por confirmar,por confirmar,emprego,6,nao-pedido,,,,,emprego acores
Emprego nos Acores,https://www.facebook.com/groups/empregoacores/,22000,22mil,4,publico,pt-PT,por confirmar,por confirmar,emprego,6,nao-pedido,,,,,emprego acores
"Emprego Distrito Braganca, Portugal",https://www.facebook.com/groups/474981532648651/,22000,22mil,10,publico,pt-PT,por confirmar,por confirmar,emprego,6,nao-pedido,,,,,emprego braganca
Venda de Material fotografico e de video-Portugal,https://www.facebook.com/groups/1419565491624066/,22000,22mil,9,publico,pt-PT,por confirmar,por confirmar,criativos,6,nao-pedido,,,,,fotografos portugal
trabalho no algarve,https://www.facebook.com/groups/400168087030899/,21000,21mil,10,publico,pt-PT,por confirmar,por confirmar,emprego,6,nao-pedido,,,,,emprego algarve
Ofertas de Emprego e Formacao (Acores),https://www.facebook.com/groups/ofertaempregoacores/,21000,21mil,3,publico,pt-PT,por confirmar,por confirmar,emprego,6,nao-pedido,,,,,emprego acores
Vendas e procura oferta de emprego e trabalho,https://www.facebook.com/groups/274604343246717/,21000,21mil,10,publico,pt-PT,por confirmar,por confirmar,emprego,6,nao-pedido,,,,,emprego viana do castelo
Emprego/Trabalho em Coimbra,https://www.facebook.com/groups/178388432859992/,20000,20mil,10,publico,pt-PT,por confirmar,por confirmar,emprego,6,nao-pedido,,,,,emprego coimbra
Comunidade Eletricistas Credenciados em Portugal,https://www.facebook.com/groups/1059079059315563/,20000,20mil,20,publico,pt-PT,por confirmar,por confirmar,obras,6,nao-pedido,,,,,eletricistas portugal
"Ofertas Emprego - Serpa, Beja, Pias, Moura",https://www.facebook.com/groups/344279175669603/,20000,20mil,10,publico,pt-PT,por confirmar,por confirmar,emprego,6,nao-pedido,,,,,emprego beja
Venda Material Fotografico Portugal,https://www.facebook.com/groups/163867780856096/,20000,20mil,10,publico,pt-PT,por confirmar,por confirmar,criativos,6,nao-pedido,,,,,fotografos portugal
EMPREGO BRAGA,https://www.facebook.com/groups/1601147937402154/,19000,19mil,40,publico,pt-PT,por confirmar,por confirmar,emprego,6,nao-pedido,,,,,emprego braga
Emprego viseu,https://www.facebook.com/groups/1291272310992609/,19000,19mil,10,publico,pt-PT,por confirmar,por confirmar,emprego,6,nao-pedido,,,,,emprego viseu
Negocios Paredes Porto,https://www.facebook.com/groups/825207288433886/,19000,19mil,90,publico,pt-PT,por confirmar,por confirmar,empreendedores,6,nao-pedido,,,,,negocios porto
costureiras de Portugal,https://www.facebook.com/groups/1683470451954547/,19000,19mil,,publico,pt-PT,por confirmar,por confirmar,criativos,6,nao-pedido,,,,,costureiras portugal
Tudo sobre costura,https://www.facebook.com/groups/564567724198201/,19000,19mil,,publico,pt-PT,por confirmar,por confirmar,criativos,6,nao-pedido,,,,,costureiras portugal
emprego no Algarve,https://www.facebook.com/groups/6073910322731581/,19000,19mil,20,publico,pt-PT,por confirmar,por confirmar,emprego,6,nao-pedido,,,,,emprego algarve
Fotografos em Portugal,https://www.facebook.com/groups/fotografosemportugal/,19000,19mil,10,publico,pt-PT,por confirmar,por confirmar,criativos,6,nao-pedido,,,,,fotografos portugal
"Troca, venda e oferta de plantas (Portugal)",https://www.facebook.com/groups/1278446689275812/,18000,18mil,70,publico,pt-PT,por confirmar,por confirmar,obras,6,nao-pedido,,,,,jardinagem portugal
EMPREGO - COIMBRA / AVEIRO / VISEU,https://www.facebook.com/groups/999925236729421/,17000,17mil,10,publico,pt-PT,por confirmar,por confirmar,emprego,6,nao-pedido,,,,,emprego coimbra
COSTURA TRADICIONAL E CRIATIVA em PORTUGAL,https://www.facebook.com/groups/502824014194617/,17000,17mil,10,publico,pt-PT,por confirmar,por confirmar,criativos,6,nao-pedido,,,,,costureiras portugal
Emprego Viana do Castelo,https://www.facebook.com/groups/empregoviana/,17000,17mil,9,publico,pt-PT,por confirmar,por confirmar,emprego,6,nao-pedido,,,,,emprego viana do castelo
Braga - Emprego,https://www.facebook.com/groups/1000473583868353/,15000,15mil,20,publico,pt-PT,por confirmar,por confirmar,emprego,6,nao-pedido,,,,,emprego braga
Emprego Albufeira/ Faro (Algrave),https://www.facebook.com/groups/1610902692537522/,15000,15mil,10,publico,pt-PT,por confirmar,por confirmar,emprego,6,nao-pedido,,,,,emprego faro
Empregos na Hora - Viseu,https://www.facebook.com/groups/507903065974827/,15000,15mil,10,publico,pt-PT,por confirmar,por confirmar,emprego,6,nao-pedido,,,,,emprego viseu
Portugal Artesao,https://www.facebook.com/groups/portugalartesao/,15000,15mil,70,publico,pt-PT,por confirmar,por confirmar,criativos,6,nao-pedido,,,,,costureiras portugal
Empregos Urgentes Santarem e regiao,https://www.facebook.com/groups/751397399127108/,15000,15mil,8,publico,pt-PT,por confirmar,por confirmar,emprego,6,nao-pedido,,,,,emprego santarem
Emprego Leiria,https://www.facebook.com/groups/trabalhoemleiria/,14000,14mil,,publico,pt-PT,por confirmar,por confirmar,emprego,6,nao-pedido,,,,,emprego leiria
Empregos na Hora - Setúbal,https://www.facebook.com/groups/555361031210571/,14000,14mil,10,publico,pt-PT,por confirmar,por confirmar,emprego,6,nao-pedido,,,,,emprego setúbal
Electricistas Portugal,https://www.facebook.com/groups/1399535706963961/,14000,14mil,20,publico,pt-PT,por confirmar,por confirmar,obras,6,nao-pedido,,,,,eletricistas portugal
Ofertas Novidades Trabalho Emprego Portalegre,https://www.facebook.com/groups/fitinialentejo/,14000,14mil,6,publico,pt-PT,por confirmar,por confirmar,emprego,6,nao-pedido,,,,,emprego beja
Emprego Distrito do Porto,https://www.facebook.com/groups/empregaporto/,13000,13mil,9,publico,pt-PT,por confirmar,por confirmar,emprego,6,nao-pedido,,,,,emprego porto
Ofertas Trabalho Emprego Viseu Aveiro Nazaré Leiria Coimbra Figueira da Foz,https://www.facebook.com/groups/fitinicoimbra/,13000,13mil,10,publico,pt-PT,por confirmar,por confirmar,emprego,6,nao-pedido,,,,,emprego aveiro
Emprego em Faro | empregoja.pt,https://www.facebook.com/groups/145303638936499/,13000,13mil,3,publico,pt-PT,por confirmar,por confirmar,emprego,6,nao-pedido,,,,,emprego faro
Emprego Viseu,https://www.facebook.com/groups/800387477351527/,13000,13mil,10,publico,pt-PT,por confirmar,por confirmar,emprego,6,nao-pedido,,,,,emprego viseu
Negocios - Lisboa,https://www.facebook.com/groups/negocioslisboa/,13000,13mil,90,publico,pt-PT,por confirmar,por confirmar,empreendedores,6,nao-pedido,,,,,negocios lisboa
Electricidade e Electricistas em Portugal,https://www.facebook.com/groups/492803968898051/,13000,13mil,,publico,pt-PT,por confirmar,por confirmar,obras,6,nao-pedido,,,,,eletricistas portugal
Trabalho Distrito Santarem,https://www.facebook.com/groups/310847192312651/,13000,13mil,20,publico,pt-PT,por confirmar,por confirmar,emprego,6,nao-pedido,,,,,emprego santarem
Fotografia Portugal,https://www.facebook.com/groups/fotografia.pt/,13000,13mil,2,publico,pt-PT,por confirmar,por confirmar,criativos,6,nao-pedido,,,,,fotografos portugal
Emprego Porto/ Arredores,https://www.facebook.com/groups/668041104238424/,12000,12mil,20,publico,pt-PT,por confirmar,por confirmar,emprego,6,nao-pedido,,,,,emprego porto
Emprego em Viseu,https://www.facebook.com/groups/emprego.em.viseu/,12000,12mil,9,publico,pt-PT,por confirmar,por confirmar,emprego,6,nao-pedido,,,,,emprego viseu
Jardineiros em Portugal,https://www.facebook.com/groups/265420612164633/,12000,12mil,20,publico,pt-PT,por confirmar,por confirmar,obras,6,nao-pedido,,,,,jardinagem portugal
Empregos na Hora - Vila Real,https://www.facebook.com/groups/425601100902183/,12000,12mil,10,publico,pt-PT,por confirmar,por confirmar,emprego,6,nao-pedido,,,,,emprego vila real
Emprego Porto,https://www.facebook.com/groups/3470522486291983/,11000,11mil,9,publico,pt-PT,por confirmar,por confirmar,emprego,6,nao-pedido,,,,,emprego porto
Empregos na Hora - Faro,https://www.facebook.com/groups/184320361764716/,11000,11mil,10,publico,pt-PT,por confirmar,por confirmar,emprego,6,nao-pedido,,,,,emprego faro
Emprego - Viseu,https://www.facebook.com/groups/665184262438910/,11000,11mil,10,publico,pt-PT,por confirmar,por confirmar,emprego,6,nao-pedido,,,,,emprego viseu
Costura em Portugal,https://www.facebook.com/groups/149394685631222/,11000,11mil,40,publico,pt-PT,por confirmar,por confirmar,criativos,6,nao-pedido,,,,,costureiras portugal
Emprego In Acores,https://www.facebook.com/groups/EmpregoINAcores/,11000,11mil,,publico,pt-PT,por confirmar,por confirmar,emprego,6,nao-pedido,,,,,emprego acores
EMPREGO E VENDAS EM VIANA DO CASTELO,https://www.facebook.com/groups/310057136993382/,11000,11mil,10,publico,pt-PT,por confirmar,por confirmar,emprego,6,nao-pedido,,,,,emprego viana do castelo
Sao Tome e Principe - STPsantomenses Grupo,https://www.facebook.com/groups/STPsantomenses.groups/,11000,11mil,90,publico,pt-PT,por confirmar,por confirmar,africanos,6,nao-pedido,,,,,sao tomenses em portugal
Emprego em Fundão e região,https://www.facebook.com/groups/1680656205481403/,10000,10mil,10,publico,pt-PT,por confirmar,por confirmar,emprego,6,nao-pedido,,,,,trabalhador independente
Empregos Braga- Portugal,https://www.facebook.com/groups/1063787828827246/,10000,10mil,30,publico,pt-PT,por confirmar,por confirmar,emprego,6,nao-pedido,,,,,emprego braga
Empregos em Aveiro e os arredores,https://www.facebook.com/groups/252754683204575/,10000,10mil,6,publico,pt-PT,por confirmar,por confirmar,emprego,6,nao-pedido,,,,,emprego aveiro
Negócios no Norte - Portugal,https://www.facebook.com/groups/1800053576894215/,10000,10mil,90,publico,pt-PT,por confirmar,por confirmar,empreendedores,6,nao-pedido,,,,,pequenos negócios portugal
"trabalho, arrendamento, e venda, Braganca",https://www.facebook.com/groups/496882235675552/,10000,10mil,10,publico,pt-PT,por confirmar,por confirmar,emprego,6,nao-pedido,,,,,emprego braganca
"Emprego Braganca, Portugal",https://www.facebook.com/groups/empregoembraganca/,10000,10mil,,publico,pt-PT,por confirmar,por confirmar,emprego,6,nao-pedido,,,,,emprego braganca
Emprego Beja,https://www.facebook.com/groups/empregobeja/,10000,10mil,4,publico,pt-PT,por confirmar,por confirmar,emprego,6,nao-pedido,,,,,emprego beja
Construcao Civil - Centro e Norte Portugal,https://www.facebook.com/groups/25576710055250611/,10000,10mil,60,publico,pt-PT,por confirmar,por confirmar,obras,6,nao-pedido,,,,,obras e construcao portugal
EMPREGOS AVEIRO,https://www.facebook.com/groups/1696957707720427/,9900,"9,9mil",70,publico,pt-PT,por confirmar,por confirmar,emprego,6,nao-pedido,,,,,emprego aveiro
emprego procura se em aveiro e arredores,https://www.facebook.com/groups/1201606403227815/,9700,"9,7mil",10,publico,pt-PT,por confirmar,por confirmar,emprego,6,nao-pedido,,,,,emprego aveiro
Ofertas de trabalho,https://www.facebook.com/groups/373109582724818/,9600,"9,6mil",10,publico,pt-PT,por confirmar,por confirmar,emprego,6,nao-pedido,,,,,trabalhador independente
Empregos na Hora - Madeira,https://www.facebook.com/groups/231524457015982/,9500,"9,5mil",9,publico,pt-PT,por confirmar,por confirmar,emprego,6,nao-pedido,,,,,emprego madeira
EMPREGO DE BRAGANCA,https://www.facebook.com/groups/3112313075823977/,9400,"9,4mil",30,publico,pt-PT,por confirmar,por confirmar,emprego,6,nao-pedido,,,,,emprego braganca
Centros de Explicacoes e Explicadores - Portugal,https://www.facebook.com/groups/centros.explicacoes.rede.nacional/,9100,"9,1mil",2,publico,pt-PT,por confirmar,por confirmar,explicadores,6,nao-pedido,,,,,explicadores portugal
OPERAÇÃO STOP GUARDA PT,https://www.facebook.com/groups/129303593945791/,9000,9mil,3,publico,pt-PT,por confirmar,por confirmar,emprego,6,nao-pedido,,,,,emprego guarda
Empregos em Evora e os arredores,https://www.facebook.com/groups/2057307171075792/,8800,"8,8mil",6,publico,pt-PT,por confirmar,por confirmar,emprego,6,nao-pedido,,,,,emprego evora
Trabalho na Ilha da Madeira,https://www.facebook.com/groups/1283166152656261/,8700,"8,7mil",10,publico,pt-PT,por confirmar,por confirmar,emprego,6,nao-pedido,,,,,emprego madeira
Emprego Faro,https://www.facebook.com/groups/empregoemfaro/,8300,"8,3mil",,publico,pt-PT,por confirmar,por confirmar,emprego,6,nao-pedido,,,,,emprego faro
Ofertas de emprego em lisboa,https://www.facebook.com/groups/1310124787195212/,8200,"8,2mil",60,publico,pt-PT,por confirmar,por confirmar,emprego,6,nao-pedido,,,,,emprego lisboa
Procura e Oferta de emprego - Ilha da Madeira,https://www.facebook.com/groups/oepempregomadeira/,8200,"8,2mil",20,publico,pt-PT,por confirmar,por confirmar,emprego,6,nao-pedido,,,,,emprego madeira
Vaga de Emprego - Castelo Branco,https://www.facebook.com/groups/367990477082674/,8200,"8,2mil",3,publico,pt-PT,por confirmar,por confirmar,emprego,6,nao-pedido,,,,,emprego castelo branco
Emprego em Portalegre,https://www.facebook.com/groups/615164748599109/,7900,"7,9mil",6,publico,pt-PT,por confirmar,por confirmar,emprego,6,nao-pedido,,,,,emprego portalegre
Setúbal Serviços,https://www.facebook.com/groups/1006435031110435/,7300,"7,3mil",30,publico,pt-PT,por confirmar,por confirmar,emprego,6,nao-pedido,,,,,emprego setúbal
Ofertas de trabalho (Viana do Castelo),https://www.facebook.com/groups/445879997739913/,7300,"7,3mil",8,publico,pt-PT,por confirmar,por confirmar,emprego,6,nao-pedido,,,,,emprego viana do castelo
ofertas de emprego em evora,https://www.facebook.com/groups/364150860996276/,7100,"7,1mil",5,publico,pt-PT,por confirmar,por confirmar,emprego,6,nao-pedido,,,,,emprego evora
Oferta de emprego Evora,https://www.facebook.com/groups/840437766161347/,7100,"7,1mil",8,publico,pt-PT,por confirmar,por confirmar,emprego,6,nao-pedido,,,,,emprego evora
emprego braga,https://www.facebook.com/groups/327307961614858/,6900,"6,9mil",9,publico,pt-PT,por confirmar,por confirmar,emprego,6,nao-pedido,,,,,emprego braga
Castelo Branco Centro de Portugal,https://www.facebook.com/groups/1197255187292022/,6900,"6,9mil",20,publico,pt-PT,por confirmar,por confirmar,emprego,6,nao-pedido,,,,,emprego castelo branco
Oferta de Trabalho Aveiro,https://www.facebook.com/groups/625120097544336/,6600,"6,6mil",6,publico,pt-PT,por confirmar,por confirmar,emprego,6,nao-pedido,,,,,emprego aveiro
Emprego em Faro,https://www.facebook.com/groups/581834238989532/,6600,"6,6mil",10,publico,pt-PT,por confirmar,por confirmar,emprego,6,nao-pedido,,,,,emprego faro
Empregos em Viana Do Castelo e os arredores,https://www.facebook.com/groups/881150919387812/,6500,"6,5mil",,publico,pt-PT,por confirmar,por confirmar,emprego,6,nao-pedido,,,,,emprego viana do castelo
Emprego Viseu,https://www.facebook.com/groups/viseuemprego/,6200,"6,2mil",,publico,pt-PT,por confirmar,por confirmar,emprego,6,nao-pedido,,,,,emprego viseu
emprego castelo branco,https://www.facebook.com/groups/401332568963251/,5800,"5,8mil",9,publico,pt-PT,por confirmar,por confirmar,emprego,6,nao-pedido,,,,,emprego castelo branco
Emprego em Coimbra. Emprego em Portugal,https://www.facebook.com/groups/438318887733504/,5700,"5,7mil",3,publico,pt-PT,por confirmar,por confirmar,emprego,6,nao-pedido,,,,,emprego coimbra
Portugal em Sao Tome e Principe,https://www.facebook.com/groups/PortugalEmSaoTomeEPrincipe/,5500,"5,5mil",90,publico,pt-PT,por confirmar,por confirmar,africanos,6,nao-pedido,,,,,sao tomenses em portugal
Emprego em Vila Real,https://www.facebook.com/groups/2016840821941938/,5200,"5,2mil",4,publico,pt-PT,por confirmar,por confirmar,emprego,6,nao-pedido,,,,,emprego vila real
"Trabalhos em Entrocamento, Santarem",https://www.facebook.com/groups/1067711947236143/,4800,"4,8mil",10,publico,pt-PT,por confirmar,por confirmar,emprego,6,nao-pedido,,,,,emprego santarem
Empregos em Beja e os arredores,https://www.facebook.com/groups/2511862362443560/,4800,"4,8mil",,publico,pt-PT,por confirmar,por confirmar,emprego,6,nao-pedido,,,,,emprego beja
Empregos em Santarem e os arredores,https://www.facebook.com/groups/3689492957771352/,4700,"4,7mil",7,publico,pt-PT,por confirmar,por confirmar,emprego,6,nao-pedido,,,,,emprego santarem
Placard de Emprego e Servicos de Portalegre,https://www.facebook.com/groups/918942488252902/,4600,"4,6mil",4,publico,pt-PT,por confirmar,por confirmar,emprego,6,nao-pedido,,,,,emprego portalegre
Emprego Distrito Setúbal,https://www.facebook.com/groups/139995186670571/,4500,"4,5mil",4,publico,pt-PT,por confirmar,por confirmar,emprego,6,nao-pedido,,,,,emprego setúbal
Emprego em vila real,https://www.facebook.com/groups/895132114939680/,4400,"4,4mil",8,publico,pt-PT,por confirmar,por confirmar,emprego,6,nao-pedido,,,,,emprego vila real
Amigos de Sao Tome e Principe,https://www.facebook.com/groups/1293779748010324/,4300,"4,3mil",90,publico,pt-PT,por confirmar,por confirmar,africanos,6,nao-pedido,,,,,sao tomenses em portugal
Emprego em Portalegre,https://www.facebook.com/groups/249559405471581/,4200,"4,2mil",2,publico,pt-PT,por confirmar,por confirmar,emprego,6,nao-pedido,,,,,emprego portalegre
Emprego Guarda,https://www.facebook.com/groups/empregonaguarda/,4100,"4,1mil",,publico,pt-PT,por confirmar,por confirmar,emprego,6,nao-pedido,,,,,emprego guarda
Explicacoes em Portugal,https://www.facebook.com/groups/747485398728698/,4000,4mil,10,publico,pt-PT,por confirmar,por confirmar,explicadores,6,nao-pedido,,,,,explicadores portugal
Emprego Evora - Ofertas & Procuras de emprego,https://www.facebook.com/groups/375420189470792/,3600,"3,6mil",4,publico,pt-PT,por confirmar,por confirmar,emprego,6,nao-pedido,,,,,emprego evora
Novo Emprego Setúbal,https://www.facebook.com/groups/novoemprego.setubal/,3500,"3,5mil",3,publico,pt-PT,por confirmar,por confirmar,emprego,6,nao-pedido,,,,,emprego setúbal
Empregos Beja Alentejo,https://www.facebook.com/groups/1075671683879174/,3400,"3,4mil",6,publico,pt-PT,por confirmar,por confirmar,emprego,6,nao-pedido,,,,,emprego beja
Made in Portugal - Artesanato e Artigos,https://www.facebook.com/groups/933253413469248/,3400,"3,4mil",5,publico,pt-PT,por confirmar,por confirmar,criativos,6,nao-pedido,,,,,biscates portugal
Emprego no Algarve,https://www.facebook.com/groups/346505848242682/,3300,"3,3mil",6,publico,pt-PT,por confirmar,por confirmar,emprego,6,nao-pedido,,,,,emprego algarve
EMPREGOS EVORA,https://www.facebook.com/groups/7808237089253409/,3300,"3,3mil",4,publico,pt-PT,por confirmar,por confirmar,emprego,6,nao-pedido,,,,,emprego evora
Emprego Santarem Portugal,https://www.facebook.com/groups/2457766624398201/,3200,"3,2mil",4,publico,pt-PT,por confirmar,por confirmar,emprego,6,nao-pedido,,,,,emprego santarem
Novo Emprego Viana do Castelo,https://www.facebook.com/groups/novoemprego.vianadocastelo/,3200,"3,2mil",3,publico,pt-PT,por confirmar,por confirmar,emprego,6,nao-pedido,,,,,emprego viana do castelo
Empregos na Hora - Beja,https://www.facebook.com/groups/494147044031793/,3200,"3,2mil",,publico,pt-PT,por confirmar,por confirmar,emprego,6,nao-pedido,,,,,emprego beja
Empregos na Hora - Evora,https://www.facebook.com/groups/1436159413265065/,3100,"3,1mil",4,publico,pt-PT,por confirmar,por confirmar,emprego,6,nao-pedido,,,,,emprego evora
"Massagistas Saude, Desporto, Saude e bem-estar",https://www.facebook.com/groups/698376113633700/,2800,"2,8mil",,publico,pt-PT,por confirmar,por confirmar,beleza,6,nao-pedido,,,,,massagistas portugal
ANGOLANOS UNIDOS EM PORTUGAL,https://www.facebook.com/groups/252434475981679/,2600,"2,6mil",10,publico,pt-PT,por confirmar,por confirmar,africanos,6,nao-pedido,,,,,angolanos em portugal
Angolanos em Portugal,https://www.facebook.com/groups/175671018798391/,2600,"2,6mil",3,publico,pt-PT,por confirmar,por confirmar,africanos,6,nao-pedido,,,,,angolanos em portugal
negocios de Portalegre,https://www.facebook.com/groups/619334205781816/,2500,"2,5mil",10,publico,pt-PT,por confirmar,por confirmar,empreendedores,6,nao-pedido,,,,,emprego portalegre
CABELEIREIROS E BARBEIROS CERTIFICADOS EM PORTUGAL,https://www.facebook.com/groups/304882579708289/,2300,"2,3mil",2,publico,pt-PT,por confirmar,por confirmar,beleza,6,nao-pedido,,,,,cabeleireiras portugal
Biscates e Ajudas Domesticas,https://www.facebook.com/groups/2875884006023594/,2200,"2,2mil",,publico,pt-PT,por confirmar,por confirmar,limpezas,6,nao-pedido,,,,,biscates portugal
Uniao entre os guineenses em portugal,https://www.facebook.com/groups/dominiquereybeneditoca/,2200,"2,2mil",7,publico,pt-PT,por confirmar,por confirmar,africanos,6,nao-pedido,,,,,guineenses em portugal
Negocios no Porto,https://www.facebook.com/groups/706183896393623/,2000,2mil,8,privado,pt-PT,por confirmar,por confirmar,empreendedores,6,nao-pedido,,,,,negocios porto
Troca E Massagem Profissional Em Portugal,https://www.facebook.com/groups/1192079444242973/,2000,2mil,,publico,pt-PT,por confirmar,por confirmar,beleza,6,nao-pedido,,,,,massagistas portugal
Estudantes Cabo-verdianos de Lisboa,https://www.facebook.com/groups/254799498706096/,1800,"1,8mil",2,publico,pt-PT,por confirmar,por confirmar,africanos,6,nao-pedido,,,,,cabo-verdianos em portugal
manicures em Portugal,https://www.facebook.com/groups/3088307731275915/,1500,"1,5mil",,publico,pt-PT,por confirmar,por confirmar,beleza,6,nao-pedido,,,,,manicure portugal
ESTUDANTES SAO-TOMENSES DO ENSINO PROFISSIONAL,https://www.facebook.com/groups/ESDCP/,1100,"1,1mil",,publico,pt-PT,por confirmar,por confirmar,africanos,6,nao-pedido,,,,,sao tomenses em portugal
Empreendedores Brasileiros em Portugal,https://www.facebook.com/groups/1812072222206690/,741,741,,publico,pt-BR,por confirmar,por confirmar,brasileiros,6,nao-pedido,,,,,contabilidade portugal
BRASILEIROS EM AVEIRO,https://www.facebook.com/groups/1036212203844940/,418,418,,publico,pt-BR,por confirmar,por confirmar,brasileiros,6,nao-pedido,,,,,brasileiros em aveiro
Comunidade Brasileira em Setubal,https://www.facebook.com/groups/comunidade.brasileira.setubal/,412,412,,publico,pt-BR,por confirmar,por confirmar,brasileiros,6,nao-pedido,,,,,brasileiros em setubal
Moving to Portugal,https://www.facebook.com/groups/movingtoportugal2.0/,157000,157mil,20,publico,en,por confirmar,por confirmar,expats-en,5,nao-pedido,,,,,expats in portugal
Portugal Probashi Help Line Original,https://www.facebook.com/groups/233208400682500/,80000,80mil,90,publico,en/bn/ne,por confirmar,por confirmar,sul-asiaticos,5,nao-pedido,,,,,bangladeshi in portugal
Portugal Expat Hub,https://www.facebook.com/groups/1610364989417473/,70000,70mil,10,publico,en,por confirmar,por confirmar,expats-en,5,nao-pedido,,,,,expats in portugal
Portugal Probashider Help Line (Original),https://www.facebook.com/groups/450089679538510/,59000,59mil,90,publico,en/bn/ne,por confirmar,por confirmar,sul-asiaticos,5,nao-pedido,,,,,bangladeshi in portugal
EMPREGOS - PORTO,https://www.facebook.com/groups/1700861127347423/,48000,48mil,90,publico,pt-PT,por confirmar,por confirmar,emprego,5,nao-pedido,,,,,emprego porto
Ofertas e Anúncios de Emprego na Hora,https://www.facebook.com/groups/411034675963197/,45000,45mil,90,publico,pt-PT,por confirmar,por confirmar,emprego,5,nao-pedido,,,,,trabalhador independente
Construcao Civil e Remodelacao Portugal,https://www.facebook.com/groups/3786877441637828/,45000,45mil,90,publico,pt-PT,por confirmar,por confirmar,obras,5,nao-pedido,,,,,obras e construcao portugal
Porto de Emprego,https://www.facebook.com/groups/434892723509991/,43000,43mil,90,publico,pt-PT,por confirmar,por confirmar,emprego,5,nao-pedido,,,,,emprego porto
Nepalese Living in Portugal,https://www.facebook.com/groups/1742920999148364/,41000,41mil,10,publico,en/bn/ne,por confirmar,por confirmar,sul-asiaticos,5,nao-pedido,,,,,nepalese in portugal
Fitness Coaches & Personal Trainers,https://www.facebook.com/groups/942905426138664/,41000,41mil,60,publico,pt-PT,por confirmar,por confirmar,fitness,5,nao-pedido,,,,,personal trainer portugal
Portugal Helpline BD,https://www.facebook.com/groups/139347158976038/,40000,40mil,40,publico,en/bn/ne,por confirmar,por confirmar,sul-asiaticos,5,nao-pedido,,,,,bangladeshi in portugal
Nepalese in Portugal,https://www.facebook.com/groups/nepaleseinportugal/,38000,38mil,2,publico,en/bn/ne,por confirmar,por confirmar,sul-asiaticos,5,nao-pedido,,,,,nepalese in portugal
Punjabi In Portugal,https://www.facebook.com/groups/696133651002892/,32000,32mil,40,publico,en/bn/ne,por confirmar,por confirmar,sul-asiaticos,5,nao-pedido,,,,,indians in portugal
OBRAS EM PORTUGAL,https://www.facebook.com/groups/servicodeobrasportugal/,25000,25mil,90,publico,pt-PT,por confirmar,por confirmar,obras,5,nao-pedido,,,,,obras e construcao portugal
Restaurantes em Portugal,https://www.facebook.com/groups/302608743134506/,21000,21mil,60,publico,pt-PT,por confirmar,por confirmar,restauracao,5,nao-pedido,,,,,restauracao portugal
Receitas e Restaurantes de Portugal,https://www.facebook.com/groups/sardinha.assada/,21000,21mil,2,publico,pt-PT,por confirmar,por confirmar,restauracao,5,nao-pedido,,,,,restauracao portugal
Nepalese Community in Portugal,https://www.facebook.com/groups/nepalesecommunityinportugal/,20000,20mil,60,publico,en/bn/ne,por confirmar,por confirmar,sul-asiaticos,5,nao-pedido,,,,,nepalese in portugal
Indian in Portugal EuropeAkp,https://www.facebook.com/groups/1732700173414834/,18000,18mil,40,publico,en/bn/ne,por confirmar,por confirmar,sul-asiaticos,5,nao-pedido,,,,,indians in portugal
Indian helping group Portugal,https://www.facebook.com/groups/688100461736548/,16000,16mil,20,publico,en/bn/ne,por confirmar,por confirmar,sul-asiaticos,5,nao-pedido,,,,,indians in portugal
Kam Kotha Portugal,https://www.facebook.com/groups/kamkothaportugal/,12000,12mil,70,publico,en/bn/ne,por confirmar,por confirmar,sul-asiaticos,5,nao-pedido,,,,,nepalese in portugal
RESTAURANTES E PASTELARIAS DE PORTUGAL,https://www.facebook.com/groups/1457298767861235/,11000,11mil,50,publico,pt-PT,por confirmar,por confirmar,restauracao,5,nao-pedido,,,,,restauracao portugal
Nepalese society in Portugal,https://www.facebook.com/groups/9004860312883686/,10000,10mil,30,publico,en/bn/ne,por confirmar,por confirmar,sul-asiaticos,5,nao-pedido,,,,,nepalese in portugal
Pakistanis Indians in Portugal,https://www.facebook.com/groups/759514502510635/,8100,"8,1mil",20,publico,en/bn/ne,por confirmar,por confirmar,sul-asiaticos,5,nao-pedido,,,,,indians in portugal
Trabalho em Portugal (restauracao),https://www.facebook.com/groups/5401496433310703/,8000,8mil,4,publico,pt-PT,por confirmar,por confirmar,restauracao,5,nao-pedido,,,,,restauracao portugal
PERSONAL TRAINERS,https://www.facebook.com/groups/personaltrainers.gr/,7300,"7,3mil",2,publico,pt-PT,por confirmar,por confirmar,fitness,5,nao-pedido,,,,,personal trainer portugal
Nepalese Good Society Portugal,https://www.facebook.com/groups/864321803930717/,5900,"5,9mil",10,publico,en/bn/ne,por confirmar,por confirmar,sul-asiaticos,5,nao-pedido,,,,,nepalese in portugal
Equipamentos de Fitness e Musculacao em Portugal,https://www.facebook.com/groups/1324416024873011/,4300,"4,3mil",6,publico,pt-PT,por confirmar,por confirmar,fitness,5,nao-pedido,,,,,personal trainer portugal
Procuro personal trainer,https://www.facebook.com/groups/tsfitness/,4200,"4,2mil",3,publico,pt-PT,por confirmar,por confirmar,fitness,5,nao-pedido,,,,,personal trainer portugal
Empregos Grande Porto,https://www.facebook.com/groups/751129177209515/,2500,"2,5mil",10,publico,pt-PT,por confirmar,por confirmar,emprego,5,nao-pedido,,,,,emprego porto
"Jardinagem, Horticolas em Portugal",https://www.facebook.com/groups/518913932785663/,2400,"2,4mil",2,publico,pt-PT,por confirmar,por confirmar,obras,5,nao-pedido,,,,,jardinagem portugal
Biscates e remodelacoes. Oferta e procura,https://www.facebook.com/groups/1028246770674440/,1900,"1,9mil",2,publico,pt-PT,por confirmar,por confirmar,obras,5,nao-pedido,,,,,biscates portugal
Leiria - Empregos,https://www.facebook.com/groups/leiriaempregos/,1800,"1,8mil",,publico,pt-PT,por confirmar,por confirmar,emprego,5,nao-pedido,,,,,emprego leiria
Modelos e Fotografos de Portugal,https://www.facebook.com/groups/modelos.fotografos.portugal/,1700,"1,7mil",,publico,pt-PT,por confirmar,por confirmar,criativos,5,nao-pedido,,,,,fotografos portugal
"Ofertas de Emprego Braganca, Portugal",https://www.facebook.com/groups/957014567107571/,1600,"1,6mil",6,publico,pt-PT,por confirmar,por confirmar,emprego,5,nao-pedido,,,,,emprego braganca
Oferta de Emprego Guarda,https://www.facebook.com/groups/896001366674309/,1400,"1,4mil",2,publico,pt-PT,por confirmar,por confirmar,emprego,5,nao-pedido,,,,,emprego guarda
PLATAFORMA DO ELETRICISTA EM PORTUGAL,https://www.facebook.com/groups/860317106471841/,1300,"1,3mil",,publico,pt-PT,por confirmar,por confirmar,obras,5,nao-pedido,,,,,eletricistas portugal
Trabalhar nos Acores,https://www.facebook.com/groups/837518122473466/,1300,"1,3mil",3,publico,pt-PT,por confirmar,por confirmar,emprego,5,nao-pedido,,,,,emprego acores
Novo Emprego Vila Real,https://www.facebook.com/groups/novoemprego.vilareal/,1300,"1,3mil",,publico,pt-PT,por confirmar,por confirmar,emprego,5,nao-pedido,,,,,emprego vila real
sao-tomense em Portugal,https://www.facebook.com/groups/873099167727112/,845,845,10,publico,pt-PT,por confirmar,por confirmar,africanos,5,nao-pedido,,,,,sao tomenses em portugal
FORUM DE CATOLICOS GUINEENSES EM PORTUGAL,https://www.facebook.com/groups/1407978169438610/,711,711,,publico,pt-PT,por confirmar,por confirmar,africanos,5,nao-pedido,,,,,guineenses em portugal
Empreendedores e networking em Portugal,https://www.facebook.com/groups/601108632834366/,700,700,6,publico,pt-PT,por confirmar,por confirmar,empreendedores,5,nao-pedido,,,,,empreendedores portugal
Empreendedores de Portugal,https://www.facebook.com/groups/1227138031719213/,207,207,2,publico,pt-PT,por confirmar,por confirmar,empreendedores,5,nao-pedido,,,,,empreendedores portugal
"Manicure a domicilio no Porto, Portugal",https://www.facebook.com/groups/1399255717773258/,200,200,,publico,pt-PT,por confirmar,por confirmar,beleza,5,nao-pedido,,,,,manicure portugal
Expats Community In Portugal,https://www.facebook.com/groups/471798567964499/,38000,38mil,50,publico,en,por confirmar,por confirmar,expats-en,4,nao-pedido,,,,,expats in portugal
Portugal Probashi Bangla,https://www.facebook.com/groups/244053035713944/,37000,37mil,90,publico,en/bn/ne,por confirmar,por confirmar,sul-asiaticos,4,nao-pedido,,,,,bangladeshi in portugal
Restaurantes de Portugal,https://www.facebook.com/groups/179245845454298/,32000,32mil,90,publico,pt-PT,por confirmar,por confirmar,restauracao,4,nao-pedido,,,,,restauracao portugal
Expats In Portugal,https://www.facebook.com/groups/1941892672815412/,24000,24mil,50,publico,en,por confirmar,por confirmar,expats-en,4,nao-pedido,,,,,expats in portugal
Portugal Welcoming Expats,https://www.facebook.com/groups/portugal.welcoming.expats/,23000,23mil,30,publico,en,por confirmar,por confirmar,expats-en,4,nao-pedido,,,,,expats in portugal
Americans moving to Portugal,https://www.facebook.com/groups/1550397372273741/,15000,15mil,70,publico,en,por confirmar,por confirmar,expats-en,4,nao-pedido,,,,,expats in portugal
Ucranianos em Portugal,https://www.facebook.com/groups/695418779380760/,13000,13mil,30,publico,uk/ro,por confirmar,por confirmar,leste-europa,4,nao-pedido,,,,,ukrainians in portugal
Ucranianos Portugal,https://www.facebook.com/groups/ukrainiansportugal/,7800,"7,8mil",10,publico,uk/ro,por confirmar,por confirmar,leste-europa,4,nao-pedido,,,,,ukrainians in portugal
Ucranianos em Portugal,https://www.facebook.com/groups/1122261621687454/,6600,"6,6mil",8,publico,uk/ro,por confirmar,por confirmar,leste-europa,4,nao-pedido,,,,,ukrainians in portugal
"Ucranianos Porto, Portugal",https://www.facebook.com/groups/ukrainiansporto/,4200,"4,2mil",9,publico,uk/ro,por confirmar,por confirmar,leste-europa,4,nao-pedido,,,,,ukrainians in portugal
Ucranianos Porto Braga Aveiro,https://www.facebook.com/groups/993788617883573/,3300,"3,3mil",4,publico,uk/ro,por confirmar,por confirmar,leste-europa,4,nao-pedido,,,,,ukrainians in portugal
Indians in Portugal,https://www.facebook.com/groups/519518047274240/,1800,"1,8mil",10,publico,en/bn/ne,por confirmar,por confirmar,sul-asiaticos,4,nao-pedido,,,,,indians in portugal
Personal trainer,https://www.facebook.com/groups/1365147534113860/,1100,"1,1mil",,publico,pt-PT,por confirmar,por confirmar,fitness,4,nao-pedido,,,,,personal trainer portugal
biscates porto gaia arredores,https://www.facebook.com/groups/2852735674743051/,673,673,,publico,pt-PT,por confirmar,por confirmar,emprego,4,nao-pedido,,,,,biscates portugal
Costureira em Portugal,https://www.facebook.com/groups/1203053660776766/,539,539,,publico,pt-PT,por confirmar,por confirmar,criativos,4,nao-pedido,,,,,costureiras portugal
EMPREGOS EM FARO,https://www.facebook.com/groups/976402094169962/,401,401,4,publico,pt-PT,por confirmar,por confirmar,emprego,4,nao-pedido,,,,,emprego faro
"Guarda, Covilhã, Castelo Branco e Arredores - Ofertas de Emprego e Formação",https://www.facebook.com/groups/438069869064265/,359,359,,publico,pt-PT,por confirmar,por confirmar,emprego,4,nao-pedido,,,,,emprego guarda
Cantinho da maravilha da costura criativa,https://www.facebook.com/groups/1013994049702091/,355,355,,publico,pt-PT,por confirmar,por confirmar,criativos,4,nao-pedido,,,,,costureiras portugal
Vagas para Canalizadores em Portugal,https://www.facebook.com/groups/2652860938217877/,196,196,,publico,pt-PT,por confirmar,por confirmar,obras,4,nao-pedido,,,,,canalizadores portugal
Novo Emprego Guarda,https://www.facebook.com/groups/novoemprego.guarda/,0,,,publico,pt-PT,por confirmar,por confirmar,emprego,4,nao-pedido,,,,,emprego guarda
"Marketplace Portugal, Compra & Venda",https://www.facebook.com/groups/579322009886147/,170000,170mil,90,publico,pt-PT,por confirmar,por confirmar,anuncios,3,nao-pedido,,,,,pequenos anuncios portugal
"Diretos, vendas em Portugal",https://www.facebook.com/groups/2666776273558003/,61000,61mil,90,publico,pt-PT,por confirmar,por confirmar,anuncios,3,nao-pedido,,,,,classificados portugal
CLASSIFICADOS LISBOA - PORTUGAL,https://www.facebook.com/groups/212684565455455/,47000,47mil,40,publico,pt-PT,por confirmar,por confirmar,anuncios,3,nao-pedido,,,,,negocios lisboa
Anuncios em Viana Do Castelo,https://www.facebook.com/groups/565848163797049/,40000,40mil,80,publico,pt-PT,por confirmar,por confirmar,anuncios,3,nao-pedido,,,,,emprego viana do castelo
Portugal em Promocao Vende & Compra Ja,https://www.facebook.com/groups/portugalempromocao/,18000,18mil,,publico,pt-PT,por confirmar,por confirmar,anuncios,3,nao-pedido,,,,,biscates portugal
vendas e trocas Castelo Branco,https://www.facebook.com/groups/418608411654320/,12000,12mil,10,publico,pt-PT,por confirmar,por confirmar,anuncios,3,nao-pedido,,,,,emprego castelo branco
Olx Do Distrito de Beja Portugal,https://www.facebook.com/groups/olxbejaportugal/,10000,10mil,40,publico,pt-PT,por confirmar,por confirmar,anuncios,3,nao-pedido,,,,,emprego beja
"Divulgacao de Terapias, Cursos, Workshops",https://www.facebook.com/groups/1168867213199570/,9000,9mil,20,publico,pt-PT,por confirmar,por confirmar,anuncios,3,nao-pedido,,,,,massagistas portugal
anuncios Coimbra,https://www.facebook.com/groups/192335113070308/,7100,"7,1mil",30,publico,pt-PT,por confirmar,por confirmar,anuncios,3,nao-pedido,,,,,brasileiros em coimbra
"A DAR, VENDER & TROCAR - Distrito de Setubal",https://www.facebook.com/groups/101426643636878/,6200,"6,2mil",10,publico,pt-PT,por confirmar,por confirmar,anuncios,3,nao-pedido,,,,,brasileiros em setubal
Olx Distrito de Castelo Branco Portugal,https://www.facebook.com/groups/olxcastelobrancoportugal/,5800,"5,8mil",10,publico,pt-PT,por confirmar,por confirmar,anuncios,3,nao-pedido,,,,,emprego castelo branco
UCRANIANOS EM PORTUGAL,https://www.facebook.com/groups/1208916386517972/,2700,"2,7mil",5,publico,uk/ro,por confirmar,por confirmar,leste-europa,3,nao-pedido,,,,,ukrainians in portugal
Fitness Portugal,https://www.facebook.com/groups/442006410241276/,186,186,,publico,pt-PT,por confirmar,por confirmar,fitness,3,nao-pedido,,,,,personal trainer portugal
Emagrecer com Acompanhamento de um personal trainer,https://www.facebook.com/groups/739790476396454/,118,118,,publico,pt-PT,por confirmar,por confirmar,fitness,3,nao-pedido,,,,,personal trainer portugal
OLX Porto,https://www.facebook.com/groups/580537767342732/,49000,49mil,90,publico,pt-PT,por confirmar,por confirmar,anuncios,2,nao-pedido,,,,,negocios porto
Marketplace Porto,https://www.facebook.com/groups/564834788472257/,47000,47mil,90,publico,pt-PT,por confirmar,por confirmar,anuncios,2,nao-pedido,,,,,negocios porto
Anuncios em Lisboa,https://www.facebook.com/groups/948995542424546/,37000,37mil,90,publico,pt-PT,por confirmar,por confirmar,anuncios,2,nao-pedido,,,,,negocios lisboa
Marketplace Portugal Compra & Venda,https://www.facebook.com/groups/387790277613890/,37000,37mil,90,publico,pt-PT,por confirmar,por confirmar,anuncios,2,nao-pedido,,,,,classificados portugal
VENDER TUDO EM PORTUGAL,https://www.facebook.com/groups/325637597585495/,36000,36mil,90,publico,pt-PT,por confirmar,por confirmar,anuncios,2,nao-pedido,,,,,classificados portugal
Comprar e Vender em Portugal,https://www.facebook.com/groups/comprarevenderemportugal/,26000,26mil,90,publico,pt-PT,por confirmar,por confirmar,anuncios,2,nao-pedido,,,,,classificados portugal
Vendas em Lisboa,https://www.facebook.com/groups/1074899769382304/,17000,17mil,90,publico,pt-PT,por confirmar,por confirmar,anuncios,2,nao-pedido,,,,,negocios lisboa
Diretos de Portugal,https://www.facebook.com/groups/557824878495090/,16000,16mil,90,publico,pt-PT,por confirmar,por confirmar,anuncios,2,nao-pedido,,,,,canalizadores portugal
Coimbra Anuncios e Vendas,https://www.facebook.com/groups/395382565821575/,14000,14mil,90,publico,pt-PT,por confirmar,por confirmar,anuncios,2,nao-pedido,,,,,brasileiros em coimbra
MarketPlace - Coimbra,https://www.facebook.com/groups/1053453519810811/,10000,10mil,90,publico,pt-PT,por confirmar,por confirmar,anuncios,2,nao-pedido,,,,,brasileiros em coimbra
Anuncios Braga,https://www.facebook.com/groups/129855093381747/,9800,"9,8mil",90,publico,pt-PT,por confirmar,por confirmar,anuncios,2,nao-pedido,,,,,brasileiros em braga
Partilha Directos Portugal,https://www.facebook.com/groups/1075044296586577/,8100,"8,1mil",90,publico,pt-PT,por confirmar,por confirmar,anuncios,2,nao-pedido,,,,,PALOP portugal
Ukrainian Community in Portugal,https://www.facebook.com/groups/412672245191405/,79,79,,publico,uk/ro,por confirmar,por confirmar,leste-europa,2,nao-pedido,,,,,ukrainians in portugal
Prestacao de servicos em Portugal,https://www.facebook.com/groups/369364994440211/,2300,"2,3mil",10,publico,pt-PT,por confirmar,por confirmar,geral,1,nao-pedido,,,,,servicos ao domicilio portugal
PROCURO Prestacao de Servicos - DISTRITO,https://www.facebook.com/groups/920189018723191/,1300,"1,3mil",3,publico,pt-PT,por confirmar,por confirmar,geral,1,nao-pedido,,,,,servicos ao domicilio portugal
OFERECER SERVICOS PORTUGAL,https://www.facebook.com/groups/1059873069184075/,327,327,,publico,pt-PT,por confirmar,por confirmar,geral,0,nao-pedido,,,,,servicos ao domicilio portugal
