"Title","Description","Link","Media URL","Scheduled date","Scheduled time","Post type","Platforms","Cover image URL","Hashtags","Local file"
"R01 — Trabalhas a recibos verdes? Estás em dia?","Trabalhas a recibos verdes e nunca sabes se estás em dia? O Em Dia diz-te o que fazer agora, quanto guardar e que prazo vem a seguir. Em português simples.

👉 Experimenta grátis, sem cartão: app.emdia.boraguarda.com (link na bio)

Por agora está tudo aberto e não se paga nada. Quando as assinaturas abrirem, avisamos com 30 dias de antecedência e ninguém é cobrado sem dizer que sim.

#recibosverdes #trabalhadorindependente #segurancasocial #financaspessoais #portugal","https://app.emdia.boraguarda.com","https://raw.githubusercontent.com/nilofulfarotuga-hue/em-dia-app/main/docs/marketing/redes-em-dia/pecas/reels/R01.mp4","2026-09-28","20:30","Reel","Facebook,Instagram","https://raw.githubusercontent.com/nilofulfarotuga-hue/em-dia-app/main/docs/marketing/redes-em-dia/pecas/reels/R01-capa.jpg","#recibosverdes #trabalhadorindependente #segurancasocial #financaspessoais #portugal","pecas/reels/R01.mp4"
"C01 — Recibos verdes explicados como se tivesses 5 anos","Recibos verdes explicados como se tivesses 5 anos 👇

Passas um recibo. Nem tudo é teu: parte vai para a Segurança Social, parte para o IRS e, às vezes, parte para o IVA.

Guarda este post para quando tiveres dúvidas. E manda a quem acabou de abrir atividade.

📚 Fonte: Código Contributivo (art. 155.º, 162.º, 168.º); Código do IRS (art. 101.º); Código do IVA (art. 53.º).

Informação geral. Não substitui um contabilista.

👉 Experimenta grátis, sem cartão: app.emdia.boraguarda.com (link na bio)

Por agora está tudo aberto e não se paga nada. Quando as assinaturas abrirem, avisamos com 30 dias de antecedência e ninguém é cobrado sem dizer que sim.

#recibosverdes #trabalhadorindependente #segurancasocial #financaspessoais #portugal","https://app.emdia.boraguarda.com","https://raw.githubusercontent.com/nilofulfarotuga-hue/em-dia-app/main/docs/marketing/redes-em-dia/pecas/carrosseis/C01/01.png,https://raw.githubusercontent.com/nilofulfarotuga-hue/em-dia-app/main/docs/marketing/redes-em-dia/pecas/carrosseis/C01/02.png,https://raw.githubusercontent.com/nilofulfarotuga-hue/em-dia-app/main/docs/marketing/redes-em-dia/pecas/carrosseis/C01/03.png,https://raw.githubusercontent.com/nilofulfarotuga-hue/em-dia-app/main/docs/marketing/redes-em-dia/pecas/carrosseis/C01/04.png,https://raw.githubusercontent.com/nilofulfarotuga-hue/em-dia-app/main/docs/marketing/redes-em-dia/pecas/carrosseis/C01/05.png,https://raw.githubusercontent.com/nilofulfarotuga-hue/em-dia-app/main/docs/marketing/redes-em-dia/pecas/carrosseis/C01/06.png,https://raw.githubusercontent.com/nilofulfarotuga-hue/em-dia-app/main/docs/marketing/redes-em-dia/pecas/carrosseis/C01/07.png,https://raw.githubusercontent.com/nilofulfarotuga-hue/em-dia-app/main/docs/marketing/redes-em-dia/pecas/carrosseis/C01/08.png","2026-09-29","13:30","Carrossel","Facebook,Instagram","","#recibosverdes #trabalhadorindependente #segurancasocial #financaspessoais #portugal","pecas/carrosseis/C01/01.png;pecas/carrosseis/C01/02.png;pecas/carrosseis/C01/03.png;pecas/carrosseis/C01/04.png;pecas/carrosseis/C01/05.png;pecas/carrosseis/C01/06.png;pecas/carrosseis/C01/07.png;pecas/carrosseis/C01/08.png"
"R02 — Ganhas 1.200 € por mês a recibos verdes?","Ganhas 1.200 € por mês a recibos verdes (serviços)? A Segurança Social é 21,4 % sobre 70 % do que ganhas: 179,76 € por mês. Paga-se entre o dia 10 e o dia 20.

📚 Fonte: Código Contributivo (Lei 110/2009), art. 162.º e 168.º — seg-social.pt

👉 Experimenta grátis, sem cartão: app.emdia.boraguarda.com (link na bio)

Por agora está tudo aberto e não se paga nada. Quando as assinaturas abrirem, avisamos com 30 dias de antecedência e ninguém é cobrado sem dizer que sim.

#recibosverdes #trabalhadorindependente #segurancasocial #financaspessoais #portugal","https://app.emdia.boraguarda.com","https://raw.githubusercontent.com/nilofulfarotuga-hue/em-dia-app/main/docs/marketing/redes-em-dia/pecas/reels/R02.mp4","2026-09-30","20:30","Reel","Facebook,Instagram","https://raw.githubusercontent.com/nilofulfarotuga-hue/em-dia-app/main/docs/marketing/redes-em-dia/pecas/reels/R02-capa.jpg","#recibosverdes #trabalhadorindependente #segurancasocial #financaspessoais #portugal","pecas/reels/R02.mp4"
"C02 — Outubro: os prazos que não podes falhar","Outubro começou. Estes são os prazos do mês 📅

• 6/10 — comunicação das faturas de setembro (quem usa programa de faturação)
• 12/10 — DMR, para quem tem trabalhadores
• 10 a 20/10 — pagar a Segurança Social
• 31/10 — declaração trimestral da Segurança Social (calha a um sábado: trata até sexta, 30)

Guarda para não te esqueceres.

📚 Fonte: AT, agenda fiscal 2026; Código Contributivo, art. 151.º-A e 155.º

👉 Experimenta grátis, sem cartão: app.emdia.boraguarda.com (link na bio)

Por agora está tudo aberto e não se paga nada. Quando as assinaturas abrirem, avisamos com 30 dias de antecedência e ninguém é cobrado sem dizer que sim.

#recibosverdes #trabalhadorindependente #segurancasocial #financaspessoais #portugal","https://app.emdia.boraguarda.com","https://raw.githubusercontent.com/nilofulfarotuga-hue/em-dia-app/main/docs/marketing/redes-em-dia/pecas/carrosseis/C02/01.png,https://raw.githubusercontent.com/nilofulfarotuga-hue/em-dia-app/main/docs/marketing/redes-em-dia/pecas/carrosseis/C02/02.png,https://raw.githubusercontent.com/nilofulfarotuga-hue/em-dia-app/main/docs/marketing/redes-em-dia/pecas/carrosseis/C02/03.png,https://raw.githubusercontent.com/nilofulfarotuga-hue/em-dia-app/main/docs/marketing/redes-em-dia/pecas/carrosseis/C02/04.png,https://raw.githubusercontent.com/nilofulfarotuga-hue/em-dia-app/main/docs/marketing/redes-em-dia/pecas/carrosseis/C02/05.png,https://raw.githubusercontent.com/nilofulfarotuga-hue/em-dia-app/main/docs/marketing/redes-em-dia/pecas/carrosseis/C02/06.png,https://raw.githubusercontent.com/nilofulfarotuga-hue/em-dia-app/main/docs/marketing/redes-em-dia/pecas/carrosseis/C02/07.png","2026-10-01","14:00","Carrossel","Facebook,Instagram","","#recibosverdes #trabalhadorindependente #segurancasocial #financaspessoais #portugal","pecas/carrosseis/C02/01.png;pecas/carrosseis/C02/02.png;pecas/carrosseis/C02/03.png;pecas/carrosseis/C02/04.png;pecas/carrosseis/C02/05.png;pecas/carrosseis/C02/06.png;pecas/carrosseis/C02/07.png"
"R03 — Outubro tem 2 prazos da Segurança Social","Outubro tem 2 prazos da Segurança Social para quem está a recibos verdes: pagar entre 10 e 20 e declarar o trimestre até 31 (sábado — trata até sexta, 30).

📚 Fonte: AT, agenda fiscal 2026; Código Contributivo, art. 151.º-A e 155.º

👉 Experimenta grátis, sem cartão: app.emdia.boraguarda.com (link na bio)

Por agora está tudo aberto e não se paga nada. Quando as assinaturas abrirem, avisamos com 30 dias de antecedência e ninguém é cobrado sem dizer que sim.

#recibosverdes #trabalhadorindependente #segurancasocial #financaspessoais #portugal","https://app.emdia.boraguarda.com","https://raw.githubusercontent.com/nilofulfarotuga-hue/em-dia-app/main/docs/marketing/redes-em-dia/pecas/reels/R03.mp4","2026-10-01","20:30","Reel","Facebook,Instagram","https://raw.githubusercontent.com/nilofulfarotuga-hue/em-dia-app/main/docs/marketing/redes-em-dia/pecas/reels/R03-capa.jpg","#recibosverdes #trabalhadorindependente #segurancasocial #financaspessoais #portugal","pecas/reels/R03.mp4"
"C03 — Abriu atividade em Portugal? 7 palavras que você precisa conhecer","Chegou em Portugal, abriu atividade e ficou perdido com tanta sigla? 🇧🇷🇵🇹

Estas são as 7 palavras que você vai ouvir o tempo todo: NIF, NISS, recibo verde, Portal das Finanças, Segurança Social Direta, IRS e IVA.

Salve este post e mande para quem acabou de chegar.

Informação geral. Não substitui um contabilista.

👉 Experimente grátis, sem cartão: app.emdia.boraguarda.com (link na bio)

Por enquanto está tudo aberto e não se paga nada. Quando as assinaturas abrirem, avisamos com 30 dias de antecedência e ninguém é cobrado sem dizer que sim.

#brasileirosemportugal #brasileirosemlisboa #morarememportugal #recibosverdes #portugal","https://app.emdia.boraguarda.com","https://raw.githubusercontent.com/nilofulfarotuga-hue/em-dia-app/main/docs/marketing/redes-em-dia/pecas/carrosseis/C03/01.png,https://raw.githubusercontent.com/nilofulfarotuga-hue/em-dia-app/main/docs/marketing/redes-em-dia/pecas/carrosseis/C03/02.png,https://raw.githubusercontent.com/nilofulfarotuga-hue/em-dia-app/main/docs/marketing/redes-em-dia/pecas/carrosseis/C03/03.png,https://raw.githubusercontent.com/nilofulfarotuga-hue/em-dia-app/main/docs/marketing/redes-em-dia/pecas/carrosseis/C03/04.png,https://raw.githubusercontent.com/nilofulfarotuga-hue/em-dia-app/main/docs/marketing/redes-em-dia/pecas/carrosseis/C03/05.png,https://raw.githubusercontent.com/nilofulfarotuga-hue/em-dia-app/main/docs/marketing/redes-em-dia/pecas/carrosseis/C03/06.png,https://raw.githubusercontent.com/nilofulfarotuga-hue/em-dia-app/main/docs/marketing/redes-em-dia/pecas/carrosseis/C03/07.png,https://raw.githubusercontent.com/nilofulfarotuga-hue/em-dia-app/main/docs/marketing/redes-em-dia/pecas/carrosseis/C03/08.png","2026-10-02","16:00","Carrossel","Facebook,Instagram","","#brasileirosemportugal #brasileirosemlisboa #morarememportugal #recibosverdes #portugal","pecas/carrosseis/C03/01.png;pecas/carrosseis/C03/02.png;pecas/carrosseis/C03/03.png;pecas/carrosseis/C03/04.png;pecas/carrosseis/C03/05.png;pecas/carrosseis/C03/06.png;pecas/carrosseis/C03/07.png;pecas/carrosseis/C03/08.png"
"R04 — Fim do turno. Quanto fica mesmo para ti?","Fim do turno. Entrou dinheiro, mas quanto fica mesmo para ti? No Em Dia escreves o que ganhaste e ele aponta a fatia do imposto no cofre. É um caderno: não mexe no teu dinheiro.

👉 Experimenta grátis, sem cartão: app.emdia.boraguarda.com (link na bio)

Por agora está tudo aberto e não se paga nada. Quando as assinaturas abrirem, avisamos com 30 dias de antecedência e ninguém é cobrado sem dizer que sim.

#tvde #motoristastvde #recibosverdes #carro #portugal","https://app.emdia.boraguarda.com","https://raw.githubusercontent.com/nilofulfarotuga-hue/em-dia-app/main/docs/marketing/redes-em-dia/pecas/reels/R04.mp4","2026-10-02","20:30","Reel","Facebook,Instagram","https://raw.githubusercontent.com/nilofulfarotuga-hue/em-dia-app/main/docs/marketing/redes-em-dia/pecas/reels/R04-capa.jpg","#tvde #motoristastvde #recibosverdes #carro #portugal","pecas/reels/R04.mp4"
"C04 — Recibo de 1.000 €: quanto chega à tua conta?","Passas um recibo de 1.000 € a uma empresa. Quanto chega à tua conta? 🤔

Se o cliente fizer retenção na fonte de 23 %, recebes 770 €. Os outros 230 € vão para as Finanças em teu nome e contam no acerto do IRS.

Desliza para ver a conta toda (com a Segurança Social incluída).

📚 Fonte: Código do IRS, art. 101.º — portaldasfinancas.gov.pt; Código Contributivo (Lei 110/2009), art. 162.º e 168.º — seg-social.pt

Informação geral. Não substitui um contabilista.

👉 Experimenta grátis, sem cartão: app.emdia.boraguarda.com (link na bio)

Por agora está tudo aberto e não se paga nada. Quando as assinaturas abrirem, avisamos com 30 dias de antecedência e ninguém é cobrado sem dizer que sim.

#recibosverdes #trabalhadorindependente #segurancasocial #financaspessoais #portugal","https://app.emdia.boraguarda.com","https://raw.githubusercontent.com/nilofulfarotuga-hue/em-dia-app/main/docs/marketing/redes-em-dia/pecas/carrosseis/C04/01.png,https://raw.githubusercontent.com/nilofulfarotuga-hue/em-dia-app/main/docs/marketing/redes-em-dia/pecas/carrosseis/C04/02.png,https://raw.githubusercontent.com/nilofulfarotuga-hue/em-dia-app/main/docs/marketing/redes-em-dia/pecas/carrosseis/C04/03.png,https://raw.githubusercontent.com/nilofulfarotuga-hue/em-dia-app/main/docs/marketing/redes-em-dia/pecas/carrosseis/C04/04.png,https://raw.githubusercontent.com/nilofulfarotuga-hue/em-dia-app/main/docs/marketing/redes-em-dia/pecas/carrosseis/C04/05.png,https://raw.githubusercontent.com/nilofulfarotuga-hue/em-dia-app/main/docs/marketing/redes-em-dia/pecas/carrosseis/C04/06.png,https://raw.githubusercontent.com/nilofulfarotuga-hue/em-dia-app/main/docs/marketing/redes-em-dia/pecas/carrosseis/C04/07.png","2026-10-03","11:00","Carrossel","Facebook,Instagram","","#recibosverdes #trabalhadorindependente #segurancasocial #financaspessoais #portugal","pecas/carrosseis/C04/01.png;pecas/carrosseis/C04/02.png;pecas/carrosseis/C04/03.png;pecas/carrosseis/C04/04.png;pecas/carrosseis/C04/05.png;pecas/carrosseis/C04/06.png;pecas/carrosseis/C04/07.png"
"R05 — Chegou em Portugal e virou recibo verde?","Chegou em Portugal e virou recibo verde? Segurança Social, IRS, IVA... O Em Dia explica tudo em português simples, fala do jeito brasileiro e avisa antes de cada prazo.

👉 Experimente grátis, sem cartão: app.emdia.boraguarda.com (link na bio)

Por enquanto está tudo aberto e não se paga nada. Quando as assinaturas abrirem, avisamos com 30 dias de antecedência e ninguém é cobrado sem dizer que sim.

#brasileirosemportugal #brasileirosemlisboa #morarememportugal #recibosverdes #portugal","https://app.emdia.boraguarda.com","https://raw.githubusercontent.com/nilofulfarotuga-hue/em-dia-app/main/docs/marketing/redes-em-dia/pecas/reels/R05.mp4","2026-10-04","20:30","Reel","Facebook,Instagram","https://raw.githubusercontent.com/nilofulfarotuga-hue/em-dia-app/main/docs/marketing/redes-em-dia/pecas/reels/R05-capa.jpg","#brasileirosemportugal #brasileirosemlisboa #morarememportugal #recibosverdes #portugal","pecas/reels/R05.mp4"
"R06 — Hoje é feriado. E os prazos?","Hoje é feriado (5 de Outubro). Quando um prazo do Estado calha num feriado ou fim de semana, passa para o dia útil seguinte: este mês, a comunicação das faturas de setembro vai até dia 6. O Em Dia avisa-te na véspera útil.

📚 Fonte: AT, agenda fiscal 2026 (nota a); Código do Trabalho, art. 234.º

👉 Experimenta grátis, sem cartão: app.emdia.boraguarda.com (link na bio)

Por agora está tudo aberto e não se paga nada. Quando as assinaturas abrirem, avisamos com 30 dias de antecedência e ninguém é cobrado sem dizer que sim.

#recibosverdes #trabalhadorindependente #segurancasocial #financaspessoais #portugal","https://app.emdia.boraguarda.com","https://raw.githubusercontent.com/nilofulfarotuga-hue/em-dia-app/main/docs/marketing/redes-em-dia/pecas/reels/R06.mp4","2026-10-05","20:30","Reel","Facebook,Instagram","https://raw.githubusercontent.com/nilofulfarotuga-hue/em-dia-app/main/docs/marketing/redes-em-dia/pecas/reels/R06-capa.jpg","#recibosverdes #trabalhadorindependente #segurancasocial #financaspessoais #portugal","pecas/reels/R06.mp4"
"C05 — 1.º ano a recibos verdes: o que muda no 13.º mês","Abriste atividade há menos de um ano? Lê isto antes do 13.º mês 👇

Nos primeiros 12 meses estás isento de pagar Segurança Social. Quando a isenção acaba, começam os dois prazos: pagar todos os meses e declarar de 3 em 3 meses.

Marca na agenda o dia em que abriste atividade.

📚 Fonte: Código Contributivo, art. 145.º — seg-social.pt

Informação geral. Não substitui um contabilista.

👉 Experimenta grátis, sem cartão: app.emdia.boraguarda.com (link na bio)

Por agora está tudo aberto e não se paga nada. Quando as assinaturas abrirem, avisamos com 30 dias de antecedência e ninguém é cobrado sem dizer que sim.

#recibosverdes #trabalhadorindependente #segurancasocial #financaspessoais #portugal","https://app.emdia.boraguarda.com","https://raw.githubusercontent.com/nilofulfarotuga-hue/em-dia-app/main/docs/marketing/redes-em-dia/pecas/carrosseis/C05/01.png,https://raw.githubusercontent.com/nilofulfarotuga-hue/em-dia-app/main/docs/marketing/redes-em-dia/pecas/carrosseis/C05/02.png,https://raw.githubusercontent.com/nilofulfarotuga-hue/em-dia-app/main/docs/marketing/redes-em-dia/pecas/carrosseis/C05/03.png,https://raw.githubusercontent.com/nilofulfarotuga-hue/em-dia-app/main/docs/marketing/redes-em-dia/pecas/carrosseis/C05/04.png,https://raw.githubusercontent.com/nilofulfarotuga-hue/em-dia-app/main/docs/marketing/redes-em-dia/pecas/carrosseis/C05/05.png,https://raw.githubusercontent.com/nilofulfarotuga-hue/em-dia-app/main/docs/marketing/redes-em-dia/pecas/carrosseis/C05/06.png,https://raw.githubusercontent.com/nilofulfarotuga-hue/em-dia-app/main/docs/marketing/redes-em-dia/pecas/carrosseis/C05/07.png","2026-10-06","13:30","Carrossel","Facebook,Instagram","","#recibosverdes #trabalhadorindependente #segurancasocial #financaspessoais #portugal","pecas/carrosseis/C05/01.png;pecas/carrosseis/C05/02.png;pecas/carrosseis/C05/03.png;pecas/carrosseis/C05/04.png;pecas/carrosseis/C05/05.png;pecas/carrosseis/C05/06.png;pecas/carrosseis/C05/07.png"
"R07 — Vale a pena esta corrida?","Vale a pena esta corrida? Escreve quanto te pagam e quantos quilómetros são. O Em Dia diz-te o que fica mesmo para ti, com o gasto do teu carro.

👉 Experimenta grátis, sem cartão: app.emdia.boraguarda.com (link na bio)

Por agora está tudo aberto e não se paga nada. Quando as assinaturas abrirem, avisamos com 30 dias de antecedência e ninguém é cobrado sem dizer que sim.

#tvde #motoristastvde #recibosverdes #carro #portugal","https://app.emdia.boraguarda.com","https://raw.githubusercontent.com/nilofulfarotuga-hue/em-dia-app/main/docs/marketing/redes-em-dia/pecas/reels/R07.mp4","2026-10-07","20:30","Reel","Facebook,Instagram","https://raw.githubusercontent.com/nilofulfarotuga-hue/em-dia-app/main/docs/marketing/redes-em-dia/pecas/reels/R07-capa.jpg","#tvde #motoristastvde #recibosverdes #carro #portugal","pecas/reels/R07.mp4"
"C06 — Segurança Social: como se faz a conta (com exemplo)","Quanto pagas à Segurança Social a recibos verdes? A conta em 3 passos 🧮

1. Média do que ganhaste por mês no trimestre
2. × 70 % (serviços) ou × 20 % (vendas)
3. × 21,4 %

Exemplo: 1.200 € por mês → 179,76 €. Paga-se entre o dia 10 e o dia 20.

📚 Fonte: Código Contributivo (Lei 110/2009), art. 162.º e 168.º — seg-social.pt; art. 155.º

Informação geral. Não substitui um contabilista.

👉 Experimenta grátis, sem cartão: app.emdia.boraguarda.com (link na bio)

Por agora está tudo aberto e não se paga nada. Quando as assinaturas abrirem, avisamos com 30 dias de antecedência e ninguém é cobrado sem dizer que sim.

#recibosverdes #trabalhadorindependente #segurancasocial #financaspessoais #portugal","https://app.emdia.boraguarda.com","https://raw.githubusercontent.com/nilofulfarotuga-hue/em-dia-app/main/docs/marketing/redes-em-dia/pecas/carrosseis/C06/01.png,https://raw.githubusercontent.com/nilofulfarotuga-hue/em-dia-app/main/docs/marketing/redes-em-dia/pecas/carrosseis/C06/02.png,https://raw.githubusercontent.com/nilofulfarotuga-hue/em-dia-app/main/docs/marketing/redes-em-dia/pecas/carrosseis/C06/03.png,https://raw.githubusercontent.com/nilofulfarotuga-hue/em-dia-app/main/docs/marketing/redes-em-dia/pecas/carrosseis/C06/04.png,https://raw.githubusercontent.com/nilofulfarotuga-hue/em-dia-app/main/docs/marketing/redes-em-dia/pecas/carrosseis/C06/05.png,https://raw.githubusercontent.com/nilofulfarotuga-hue/em-dia-app/main/docs/marketing/redes-em-dia/pecas/carrosseis/C06/06.png,https://raw.githubusercontent.com/nilofulfarotuga-hue/em-dia-app/main/docs/marketing/redes-em-dia/pecas/carrosseis/C06/07.png","2026-10-08","14:00","Carrossel","Facebook,Instagram","","#recibosverdes #trabalhadorindependente #segurancasocial #financaspessoais #portugal","pecas/carrosseis/C06/01.png;pecas/carrosseis/C06/02.png;pecas/carrosseis/C06/03.png;pecas/carrosseis/C06/04.png;pecas/carrosseis/C06/05.png;pecas/carrosseis/C06/06.png;pecas/carrosseis/C06/07.png"
"R08 — A Segurança Social paga-se entre o dia 10 e o dia 20","Lembrete: a contribuição da Segurança Social paga-se entre o dia 10 e o dia 20 de cada mês. Em outubro, o último dia é terça, 20. No Em Dia tens o valor e o botão «Ver como pagar».

📚 Fonte: Código Contributivo, art. 155.º n.º 2 — seg-social.pt

👉 Experimenta grátis, sem cartão: app.emdia.boraguarda.com (link na bio)

Por agora está tudo aberto e não se paga nada. Quando as assinaturas abrirem, avisamos com 30 dias de antecedência e ninguém é cobrado sem dizer que sim.

#recibosverdes #trabalhadorindependente #segurancasocial #financaspessoais #portugal","https://app.emdia.boraguarda.com","https://raw.githubusercontent.com/nilofulfarotuga-hue/em-dia-app/main/docs/marketing/redes-em-dia/pecas/reels/R08.mp4","2026-10-08","20:30","Reel","Facebook,Instagram","https://raw.githubusercontent.com/nilofulfarotuga-hue/em-dia-app/main/docs/marketing/redes-em-dia/pecas/reels/R08-capa.jpg","#recibosverdes #trabalhadorindependente #segurancasocial #financaspessoais #portugal","pecas/reels/R08.mp4"
"R09 — Tens contrato? 11 % do teu salário vai para a Segurança Social","Tens contrato de trabalho? 11 % do teu salário bruto vai para a Segurança Social. E a empresa paga, por cima, mais 23,75 %. É isto que te dá direito a subsídio de desemprego, baixa e reforma.

📚 Fonte: ISS, «Taxas contributivas» (Código Contributivo, art. 53.º)

👉 Experimenta grátis, sem cartão: app.emdia.boraguarda.com (link na bio)

Por agora está tudo aberto e não se paga nada. Quando as assinaturas abrirem, avisamos com 30 dias de antecedência e ninguém é cobrado sem dizer que sim.

#irs #salario #direitosdotrabalhador #financaspessoais #portugal","https://app.emdia.boraguarda.com","https://raw.githubusercontent.com/nilofulfarotuga-hue/em-dia-app/main/docs/marketing/redes-em-dia/pecas/reels/R09.mp4","2026-10-09","20:30","Reel","Facebook,Instagram","https://raw.githubusercontent.com/nilofulfarotuga-hue/em-dia-app/main/docs/marketing/redes-em-dia/pecas/reels/R09-capa.jpg","#irs #salario #direitosdotrabalhador #financaspessoais #portugal","pecas/reels/R09.mp4"
"C07 — O teu recibo de vencimento, linha a linha","Trabalhas por conta de outrem? O teu recibo de vencimento explicado, linha a linha 🧾

• 11 % do teu salário vai para a Segurança Social (a empresa paga mais 23,75 %)
• O IRS retido depende das tabelas de retenção da AT
• Subsídio de Natal: até 15 de dezembro
• Horas extra: +25 % na 1.ª hora, +37,5 % nas seguintes (até 100 h por ano)

Guarda e confere o teu próximo recibo.

📚 Fonte: Código do Trabalho, art. 238.º, 263.º, 264.º e 268.º; ISS, «Taxas contributivas»

👉 Experimenta grátis, sem cartão: app.emdia.boraguarda.com (link na bio)

Por agora está tudo aberto e não se paga nada. Quando as assinaturas abrirem, avisamos com 30 dias de antecedência e ninguém é cobrado sem dizer que sim.

#irs #salario #direitosdotrabalhador #financaspessoais #portugal","https://app.emdia.boraguarda.com","https://raw.githubusercontent.com/nilofulfarotuga-hue/em-dia-app/main/docs/marketing/redes-em-dia/pecas/carrosseis/C07/01.png,https://raw.githubusercontent.com/nilofulfarotuga-hue/em-dia-app/main/docs/marketing/redes-em-dia/pecas/carrosseis/C07/02.png,https://raw.githubusercontent.com/nilofulfarotuga-hue/em-dia-app/main/docs/marketing/redes-em-dia/pecas/carrosseis/C07/03.png,https://raw.githubusercontent.com/nilofulfarotuga-hue/em-dia-app/main/docs/marketing/redes-em-dia/pecas/carrosseis/C07/04.png,https://raw.githubusercontent.com/nilofulfarotuga-hue/em-dia-app/main/docs/marketing/redes-em-dia/pecas/carrosseis/C07/05.png,https://raw.githubusercontent.com/nilofulfarotuga-hue/em-dia-app/main/docs/marketing/redes-em-dia/pecas/carrosseis/C07/06.png,https://raw.githubusercontent.com/nilofulfarotuga-hue/em-dia-app/main/docs/marketing/redes-em-dia/pecas/carrosseis/C07/07.png","2026-10-10","11:00","Carrossel","Facebook,Instagram","","#irs #salario #direitosdotrabalhador #financaspessoais #portugal","pecas/carrosseis/C07/01.png;pecas/carrosseis/C07/02.png;pecas/carrosseis/C07/03.png;pecas/carrosseis/C07/04.png;pecas/carrosseis/C07/05.png;pecas/carrosseis/C07/06.png;pecas/carrosseis/C07/07.png"
"R10 — O teu contrato da internet está a acabar?","Quando a fidelização acaba, a operadora renova sozinha e o preço pode subir. O Em Dia avisa-te umas semanas antes, a tempo de pedires um preço melhor ou mudares sem multa.

👉 Experimenta grátis, sem cartão: app.emdia.boraguarda.com (link na bio)

Por agora está tudo aberto e não se paga nada. Quando as assinaturas abrirem, avisamos com 30 dias de antecedência e ninguém é cobrado sem dizer que sim.

#poupar #financaspessoais #fidelizacao #contas #portugal","https://app.emdia.boraguarda.com","https://raw.githubusercontent.com/nilofulfarotuga-hue/em-dia-app/main/docs/marketing/redes-em-dia/pecas/reels/R10.mp4","2026-10-11","20:30","Reel","Facebook,Instagram","https://raw.githubusercontent.com/nilofulfarotuga-hue/em-dia-app/main/docs/marketing/redes-em-dia/pecas/reels/R10-capa.jpg","#poupar #financaspessoais #fidelizacao #contas #portugal","pecas/reels/R10.mp4"
"R11 — O senhorio pediu prova de rendimento?","O senhorio ou o banco pediu prova de quanto ganhas? No Em Dia fazes uma folha com os últimos 3, 6 ou 12 meses, a partir do que registaste. Não substitui a declaração de IRS nem uma certidão das Finanças.

👉 Experimenta grátis, sem cartão: app.emdia.boraguarda.com (link na bio)

Por agora está tudo aberto e não se paga nada. Quando as assinaturas abrirem, avisamos com 30 dias de antecedência e ninguém é cobrado sem dizer que sim.

#recibosverdes #trabalhadorindependente #segurancasocial #financaspessoais #portugal","https://app.emdia.boraguarda.com","https://raw.githubusercontent.com/nilofulfarotuga-hue/em-dia-app/main/docs/marketing/redes-em-dia/pecas/reels/R11.mp4","2026-10-12","20:30","Reel","Facebook,Instagram","https://raw.githubusercontent.com/nilofulfarotuga-hue/em-dia-app/main/docs/marketing/redes-em-dia/pecas/reels/R11-capa.jpg","#recibosverdes #trabalhadorindependente #segurancasocial #financaspessoais #portugal","pecas/reels/R11.mp4"
"C08 — Isenção de IVA: o limite dos 15.000 €","Estás isento de IVA? Então este número é para ti: 15.000 € 👀

É o limite anual da isenção do artigo 53.º. Se passares, tens 15 dias úteis para avisar as Finanças. Se passares 18.750 € (mais 25 %), perdes a isenção logo nesse recibo.

Sabes quanto já faturaste este ano?

📚 Fonte: Código do IVA, art. 53.º e 58.º (DL 35/2025) — portaldasfinancas.gov.pt

Informação geral. Não substitui um contabilista.

👉 Experimenta grátis, sem cartão: app.emdia.boraguarda.com (link na bio)

Por agora está tudo aberto e não se paga nada. Quando as assinaturas abrirem, avisamos com 30 dias de antecedência e ninguém é cobrado sem dizer que sim.

#iva #recibosverdes #freelancerportugal #trabalhadorindependente #portugal","https://app.emdia.boraguarda.com","https://raw.githubusercontent.com/nilofulfarotuga-hue/em-dia-app/main/docs/marketing/redes-em-dia/pecas/carrosseis/C08/01.png,https://raw.githubusercontent.com/nilofulfarotuga-hue/em-dia-app/main/docs/marketing/redes-em-dia/pecas/carrosseis/C08/02.png,https://raw.githubusercontent.com/nilofulfarotuga-hue/em-dia-app/main/docs/marketing/redes-em-dia/pecas/carrosseis/C08/03.png,https://raw.githubusercontent.com/nilofulfarotuga-hue/em-dia-app/main/docs/marketing/redes-em-dia/pecas/carrosseis/C08/04.png,https://raw.githubusercontent.com/nilofulfarotuga-hue/em-dia-app/main/docs/marketing/redes-em-dia/pecas/carrosseis/C08/05.png,https://raw.githubusercontent.com/nilofulfarotuga-hue/em-dia-app/main/docs/marketing/redes-em-dia/pecas/carrosseis/C08/06.png","2026-10-13","13:30","Carrossel","Facebook,Instagram","","#iva #recibosverdes #freelancerportugal #trabalhadorindependente #portugal","pecas/carrosseis/C08/01.png;pecas/carrosseis/C08/02.png;pecas/carrosseis/C08/03.png;pecas/carrosseis/C08/04.png;pecas/carrosseis/C08/05.png;pecas/carrosseis/C08/06.png"
"R12 — Isento de IVA? Sabes quanto falta para os 15.000 €?","Estás isento de IVA pelo artigo 53.º? O limite é 15.000 € por ano. A Vigia do IVA do Em Dia mostra quanto já faturaste e avisa-te antes de chegares lá.

📚 Fonte: Código do IVA, art. 53.º e 58.º (DL 35/2025) — portaldasfinancas.gov.pt

👉 Experimenta grátis, sem cartão: app.emdia.boraguarda.com (link na bio)

Por agora está tudo aberto e não se paga nada. Quando as assinaturas abrirem, avisamos com 30 dias de antecedência e ninguém é cobrado sem dizer que sim.

#iva #recibosverdes #freelancerportugal #trabalhadorindependente #portugal","https://app.emdia.boraguarda.com","https://raw.githubusercontent.com/nilofulfarotuga-hue/em-dia-app/main/docs/marketing/redes-em-dia/pecas/reels/R12.mp4","2026-10-14","20:30","Reel","Facebook,Instagram","https://raw.githubusercontent.com/nilofulfarotuga-hue/em-dia-app/main/docs/marketing/redes-em-dia/pecas/reels/R12-capa.jpg","#iva #recibosverdes #freelancerportugal #trabalhadorindependente #portugal","pecas/reels/R12.mp4"
"C09 — O carro também tem prazos","Quem trabalha com o carro tem mais prazos do que pensa 🚗

• IUC: paga-se até ao fim do mês da matrícula
• Inspeção: nos ligeiros, aos 4, 6 e 8 anos e depois todos os anos
• Seguro: compara antes de renovar

O Em Dia junta os lembretes do carro aos prazos dos recibos verdes.

📚 Fonte: Portal das Finanças (IUC); IMT (inspeções)

👉 Experimenta grátis, sem cartão: app.emdia.boraguarda.com (link na bio)

Por agora está tudo aberto e não se paga nada. Quando as assinaturas abrirem, avisamos com 30 dias de antecedência e ninguém é cobrado sem dizer que sim.

#tvde #motoristastvde #recibosverdes #carro #portugal","https://app.emdia.boraguarda.com","https://raw.githubusercontent.com/nilofulfarotuga-hue/em-dia-app/main/docs/marketing/redes-em-dia/pecas/carrosseis/C09/01.png,https://raw.githubusercontent.com/nilofulfarotuga-hue/em-dia-app/main/docs/marketing/redes-em-dia/pecas/carrosseis/C09/02.png,https://raw.githubusercontent.com/nilofulfarotuga-hue/em-dia-app/main/docs/marketing/redes-em-dia/pecas/carrosseis/C09/03.png,https://raw.githubusercontent.com/nilofulfarotuga-hue/em-dia-app/main/docs/marketing/redes-em-dia/pecas/carrosseis/C09/04.png,https://raw.githubusercontent.com/nilofulfarotuga-hue/em-dia-app/main/docs/marketing/redes-em-dia/pecas/carrosseis/C09/05.png,https://raw.githubusercontent.com/nilofulfarotuga-hue/em-dia-app/main/docs/marketing/redes-em-dia/pecas/carrosseis/C09/06.png","2026-10-15","14:00","Carrossel","Facebook,Instagram","","#tvde #motoristastvde #recibosverdes #carro #portugal","pecas/carrosseis/C09/01.png;pecas/carrosseis/C09/02.png;pecas/carrosseis/C09/03.png;pecas/carrosseis/C09/04.png;pecas/carrosseis/C09/05.png;pecas/carrosseis/C09/06.png"
"R13 — IUC: paga-se no mês da matrícula","O IUC paga-se até ao fim do mês da matrícula do carro. O Em Dia junta o IUC, a inspeção e o seguro aos prazos dos recibos verdes, com aviso antes.

📚 Fonte: Portal das Finanças → IUC

👉 Experimenta grátis, sem cartão: app.emdia.boraguarda.com (link na bio)

Por agora está tudo aberto e não se paga nada. Quando as assinaturas abrirem, avisamos com 30 dias de antecedência e ninguém é cobrado sem dizer que sim.

#tvde #motoristastvde #recibosverdes #carro #portugal","https://app.emdia.boraguarda.com","https://raw.githubusercontent.com/nilofulfarotuga-hue/em-dia-app/main/docs/marketing/redes-em-dia/pecas/reels/R13.mp4","2026-10-15","20:30","Reel","Facebook,Instagram","https://raw.githubusercontent.com/nilofulfarotuga-hue/em-dia-app/main/docs/marketing/redes-em-dia/pecas/reels/R13-capa.jpg","#tvde #motoristastvde #recibosverdes #carro #portugal","pecas/reels/R13.mp4"
"C10 — ENI ou sociedade? A diferença em 5 lâminas","Vais crescer e perguntas-te: continuo em nome individual ou abro uma sociedade? 🏢

ENI é a própria pessoa: paga IRS e responde com o seu património. A sociedade é uma pessoa coletiva: paga IRC, o gerente desconta 34,75 % para a Segurança Social e é obrigatório ter contabilista certificado.

A escolha certa depende de muitos números: fala com um contabilista.

📚 Fonte: Código do IRC; Código Contributivo (MOE 34,75 %). Explicação geral.

Informação geral. Não substitui um contabilista.

👉 Experimenta grátis, sem cartão: app.emdia.boraguarda.com (link na bio)

Por agora está tudo aberto e não se paga nada. Quando as assinaturas abrirem, avisamos com 30 dias de antecedência e ninguém é cobrado sem dizer que sim.

#pequenasempresas #empreendedorismo #empresarios #contabilidade #portugal","https://app.emdia.boraguarda.com","https://raw.githubusercontent.com/nilofulfarotuga-hue/em-dia-app/main/docs/marketing/redes-em-dia/pecas/carrosseis/C10/01.png,https://raw.githubusercontent.com/nilofulfarotuga-hue/em-dia-app/main/docs/marketing/redes-em-dia/pecas/carrosseis/C10/02.png,https://raw.githubusercontent.com/nilofulfarotuga-hue/em-dia-app/main/docs/marketing/redes-em-dia/pecas/carrosseis/C10/03.png,https://raw.githubusercontent.com/nilofulfarotuga-hue/em-dia-app/main/docs/marketing/redes-em-dia/pecas/carrosseis/C10/04.png,https://raw.githubusercontent.com/nilofulfarotuga-hue/em-dia-app/main/docs/marketing/redes-em-dia/pecas/carrosseis/C10/05.png,https://raw.githubusercontent.com/nilofulfarotuga-hue/em-dia-app/main/docs/marketing/redes-em-dia/pecas/carrosseis/C10/06.png","2026-10-16","16:00","Carrossel","Facebook,Instagram","","#pequenasempresas #empreendedorismo #empresarios #contabilidade #portugal","pecas/carrosseis/C10/01.png;pecas/carrosseis/C10/02.png;pecas/carrosseis/C10/03.png;pecas/carrosseis/C10/04.png;pecas/carrosseis/C10/05.png;pecas/carrosseis/C10/06.png"
"R14 — Faltam 4 dias para pagar a Segurança Social","Faltam 4 dias: a contribuição da Segurança Social de outubro paga-se até terça, 20. Já trataste?

📚 Fonte: Código Contributivo, art. 155.º n.º 2 — seg-social.pt

👉 Experimenta grátis, sem cartão: app.emdia.boraguarda.com (link na bio)

Por agora está tudo aberto e não se paga nada. Quando as assinaturas abrirem, avisamos com 30 dias de antecedência e ninguém é cobrado sem dizer que sim.

#recibosverdes #trabalhadorindependente #segurancasocial #financaspessoais #portugal","https://app.emdia.boraguarda.com","https://raw.githubusercontent.com/nilofulfarotuga-hue/em-dia-app/main/docs/marketing/redes-em-dia/pecas/reels/R14.mp4","2026-10-16","20:30","Reel","Facebook,Instagram","https://raw.githubusercontent.com/nilofulfarotuga-hue/em-dia-app/main/docs/marketing/redes-em-dia/pecas/reels/R14-capa.jpg","#recibosverdes #trabalhadorindependente #segurancasocial #financaspessoais #portugal","pecas/reels/R14.mp4"
"C11 — 5 erros que custam dinheiro a quem está a recibos verdes","5 erros que custam dinheiro a quem está a recibos verdes ❌

1. Gastar tudo o que entra
2. Esquecer a declaração trimestral
3. Passar os 15.000 € sem avisar
4. Não pedir fatura com NIF
5. Não saber se estás dispensado de retenção

Qual destes já te aconteceu? Conta nos comentários.

📚 Fonte: Código Contributivo, art. 151.º-A e 155.º; Código do IVA, art. 53.º; Código do IRS, art. 78.º-A a 78.º-F e 101.º.

Informação geral. Não substitui um contabilista.

👉 Experimenta grátis, sem cartão: app.emdia.boraguarda.com (link na bio)

Por agora está tudo aberto e não se paga nada. Quando as assinaturas abrirem, avisamos com 30 dias de antecedência e ninguém é cobrado sem dizer que sim.

#recibosverdes #trabalhadorindependente #segurancasocial #financaspessoais #portugal","https://app.emdia.boraguarda.com","https://raw.githubusercontent.com/nilofulfarotuga-hue/em-dia-app/main/docs/marketing/redes-em-dia/pecas/carrosseis/C11/01.png,https://raw.githubusercontent.com/nilofulfarotuga-hue/em-dia-app/main/docs/marketing/redes-em-dia/pecas/carrosseis/C11/02.png,https://raw.githubusercontent.com/nilofulfarotuga-hue/em-dia-app/main/docs/marketing/redes-em-dia/pecas/carrosseis/C11/03.png,https://raw.githubusercontent.com/nilofulfarotuga-hue/em-dia-app/main/docs/marketing/redes-em-dia/pecas/carrosseis/C11/04.png,https://raw.githubusercontent.com/nilofulfarotuga-hue/em-dia-app/main/docs/marketing/redes-em-dia/pecas/carrosseis/C11/05.png,https://raw.githubusercontent.com/nilofulfarotuga-hue/em-dia-app/main/docs/marketing/redes-em-dia/pecas/carrosseis/C11/06.png,https://raw.githubusercontent.com/nilofulfarotuga-hue/em-dia-app/main/docs/marketing/redes-em-dia/pecas/carrosseis/C11/07.png","2026-10-17","11:00","Carrossel","Facebook,Instagram","","#recibosverdes #trabalhadorindependente #segurancasocial #financaspessoais #portugal","pecas/carrosseis/C11/01.png;pecas/carrosseis/C11/02.png;pecas/carrosseis/C11/03.png;pecas/carrosseis/C11/04.png;pecas/carrosseis/C11/05.png;pecas/carrosseis/C11/06.png;pecas/carrosseis/C11/07.png"
